1st,,2nd,,3rd,,4th,,5th,
x,y,x,y,x,y,x,y,x,y
14.5,2,14.5,2,14.5,2,14.5,2,14.5,2
14.5005,2.03,14.505,2.03,14.51,2.027,14.5037,2.03,14.4996,2.04
14.501,2.06,14.51,2.06,14.52,2.054,14.5007,2.07,14.4992,2.08
14.5015,2.09,14.515,2.09,14.53,2.081,14.4977,2.11,14.4988,2.12
14.502,2.12,14.52,2.12,14.54,2.108,14.4947,2.15,14.4984,2.16
14.5025,2.15,14.525,2.15,14.55,2.135,14.4917,2.19,14.498,2.2
14.503,2.18,14.53,2.18,14.56,2.162,14.4887,2.23,14.4976,2.24
14.5035,2.21,14.535,2.21,14.57,2.189,14.4857,2.27,14.4972,2.28
14.504,2.24,14.54,2.24,14.58,2.216,14.4827,2.31,14.4968,2.32
14.5045,2.27,14.545,2.27,14.59,2.243,14.4797,2.35,14.4964,2.36
14.505,2.3,14.55,2.3,14.6,2.27,14.4767,2.39,14.496,2.4
14.5055,2.33,14.555,2.33,14.61,2.297,14.4737,2.43,14.4956,2.44
14.506,2.36,14.56,2.36,14.62,2.324,14.4707,2.47,14.4952,2.48
14.5065,2.39,14.565,2.39,14.63,2.351,14.4677,2.51,14.4948,2.52
14.507,2.42,14.57,2.42,14.64,2.378,14.4647,2.55,14.4944,2.56
14.5075,2.45,14.575,2.45,14.65,2.405,14.4617,2.59,14.494,2.6
14.508,2.48,14.58,2.48,14.66,2.432,14.4587,2.63,14.4936,2.64
14.5085,2.51,14.585,2.51,14.67,2.459,14.4557,2.67,14.4932,2.68
14.509,2.54,14.59,2.54,14.68,2.486,14.4527,2.71,14.4928,2.72
14.5095,2.57,14.595,2.57,14.69,2.513,14.4497,2.75,14.4924,2.76
14.51,2.6,14.6,2.6,14.7,2.54,14.4467,2.79,14.492,2.8
14.5105,2.63,14.605,2.63,14.71,2.567,14.4437,2.83,14.4916,2.84
14.511,2.66,14.61,2.66,14.72,2.594,14.4407,2.87,14.4912,2.88
14.5115,2.69,14.615,2.69,14.73,2.621,14.4377,2.91,14.4908,2.92
14.512,2.72,14.62,2.72,14.74,2.648,14.4347,2.95,14.4904,2.96
14.5125,2.75,14.625,2.75,14.75,2.675,14.4317,2.99,14.49,3
14.513,2.78,14.63,2.78,14.76,2.702,14.4287,3.03,14.4896,3.04
14.5135,2.81,14.635,2.81,14.77,2.729,14.4257,3.07,14.4892,3.08
14.514,2.84,14.64,2.84,14.78,2.756,14.4227,3.11,14.4888,3.12
14.5145,2.87,14.645,2.87,14.79,2.783,14.4197,3.15,14.4884,3.16
14.515,2.9,14.65,2.9,14.8,2.81,14.4167,3.19,14.488,3.2
14.5155,2.93,14.655,2.93,14.81,2.837,14.4137,3.23,14.4876,3.24
14.516,2.96,14.66,2.96,14.82,2.864,14.4107,3.27,14.4872,3.28
14.5165,2.99,14.665,2.99,14.83,2.891,14.4077,3.31,14.4868,3.32
14.517,3.02,14.67,3.02,14.84,2.918,14.4047,3.35,14.4864,3.36
14.5175,3.05,14.675,3.05,14.85,2.945,14.4017,3.39,14.486,3.4
14.518,3.08,14.68,3.08,14.86,2.972,14.3987,3.43,14.4856,3.44
14.5185,3.11,14.685,3.11,14.87,2.999,14.3957,3.47,14.4852,3.48
14.519,3.14,14.69,3.14,14.88,3.026,14.3927,3.51,14.4848,3.52
14.5195,3.17,14.695,3.17,14.89,3.053,14.3897,3.55,14.4844,3.56
14.52,3.2,14.7,3.2,14.9,3.08,14.3867,3.59,14.484,3.6
14.5205,3.23,14.705,3.23,14.91,3.107,14.3837,3.63,14.4836,3.64
14.521,3.26,14.71,3.26,14.92,3.134,14.3807,3.67,14.4832,3.68
14.5215,3.29,14.715,3.29,14.93,3.161,14.3777,3.71,14.4828,3.72
14.522,3.32,14.72,3.32,14.94,3.188,14.3747,3.75,14.4824,3.76
14.5225,3.35,14.725,3.35,14.95,3.215,14.3717,3.79,14.482,3.8
14.523,3.38,14.73,3.38,14.96,3.242,14.3687,3.83,14.4816,3.84
14.5235,3.41,14.735,3.41,14.97,3.269,14.3657,3.87,14.4812,3.88
14.524,3.44,14.74,3.44,14.98,3.296,14.3627,3.91,14.4808,3.92
14.5245,3.47,14.745,3.47,14.99,3.323,14.3597,3.95,14.4804,3.96
14.525,3.5,14.75,3.5,15,3.35,14.3567,3.99,14.48,4
14.5255,3.53,14.755,3.53,15.01,3.377,14.3537,4.03,14.4796,4.04
14.526,3.56,14.76,3.56,15.02,3.404,14.3507,4.07,14.4792,4.08
14.5265,3.59,14.765,3.59,15.03,3.431,14.3477,4.11,14.4788,4.12
14.527,3.62,14.77,3.62,15.04,3.458,14.3447,4.15,14.4784,4.16
14.5275,3.65,14.775,3.65,15.05,3.485,14.3417,4.19,14.478,4.2
14.528,3.68,14.78,3.68,15.06,3.512,14.3387,4.23,14.4776,4.24
14.5285,3.71,14.785,3.71,15.07,3.539,14.3357,4.27,14.4772,4.28
14.529,3.74,14.79,3.74,15.08,3.566,14.3327,4.31,14.4768,4.32
14.5295,3.77,14.795,3.77,15.09,3.593,14.3297,4.35,14.4764,4.36
14.53,3.8,14.8,3.8,15.1,3.62,14.3267,4.39,14.476,4.4
14.5305,3.83,14.805,3.83,15.11,3.647,14.3237,4.43,14.4756,4.44
14.531,3.86,14.81,3.86,15.12,3.674,14.3207,4.47,14.4752,4.48
14.5315,3.89,14.815,3.89,15.13,3.701,14.3177,4.51,14.4748,4.52
14.532,3.92,14.82,3.92,15.14,3.728,14.3147,4.55,14.4744,4.56
14.5325,3.95,14.825,3.95,15.15,3.755,14.3117,4.59,14.474,4.6
14.533,3.98,14.83,3.98,15.16,3.782,14.3087,4.63,14.4736,4.64
14.5335,4.01,14.835,4.01,15.17,3.809,14.3057,4.67,14.4732,4.68
14.534,4.04,14.84,4.04,15.18,3.836,14.3027,4.71,14.4728,4.72
14.5345,4.07,14.845,4.07,15.19,3.863,14.2997,4.75,14.4724,4.76
14.535,4.1,14.85,4.1,15.2,3.89,14.2967,4.79,14.472,4.8
14.5355,4.13,14.855,4.13,15.21,3.917,14.2937,4.83,14.4716,4.84
14.536,4.16,14.86,4.16,15.22,3.944,14.2907,4.87,14.4712,4.88
14.5365,4.19,14.865,4.19,15.23,3.971,14.2877,4.91,14.4708,4.92
14.537,4.22,14.87,4.22,15.24,3.998,14.2847,4.95,14.4704,4.96
14.5375,4.25,14.875,4.25,15.25,4.025,14.2817,4.99,14.47,5
14.538,4.28,14.88,4.28,15.26,4.052,14.2787,5.03,14.4696,5.04
14.5385,4.31,14.885,4.31,15.27,4.079,14.2757,5.07,14.4692,5.08
14.539,4.34,14.89,4.34,15.28,4.106,14.2727,5.11,14.4688,5.12
14.5395,4.37,14.895,4.37,15.29,4.133,14.2697,5.15,14.4684,5.16
14.54,4.4,14.9,4.4,15.3,4.16,14.2667,5.19,14.468,5.2
14.5405,4.43,14.905,4.43,15.31,4.187,14.2637,5.23,14.4676,5.24
14.541,4.46,14.91,4.46,15.32,4.214,14.2607,5.27,14.4672,5.28
14.5415,4.49,14.915,4.49,15.33,4.241,14.2577,5.31,14.4668,5.32
14.542,4.52,14.92,4.52,15.34,4.268,14.2547,5.35,14.4664,5.36
14.5425,4.55,14.925,4.55,15.35,4.295,14.2517,5.39,14.466,5.4
14.543,4.58,14.93,4.58,15.36,4.322,14.2487,5.43,14.4656,5.44
14.5435,4.61,14.935,4.61,15.37,4.349,14.2457,5.47,14.4652,5.48
14.544,4.64,14.94,4.64,15.38,4.376,14.2427,5.51,14.4648,5.52
14.5445,4.67,14.945,4.67,15.39,4.403,14.2397,5.55,14.4644,5.56
14.545,4.7,14.95,4.7,15.4,4.43,14.2367,5.59,14.464,5.6
14.5455,4.73,14.955,4.73,15.41,4.457,14.2337,5.63,14.4636,5.64
14.546,4.76,14.96,4.76,15.42,4.484,14.2307,5.67,14.4632,5.68
14.5465,4.79,14.965,4.79,15.43,4.511,14.2277,5.71,14.4628,5.72
14.547,4.82,14.97,4.82,15.44,4.538,14.2247,5.75,14.4624,5.76
14.5475,4.85,14.975,4.85,15.45,4.565,14.2217,5.79,14.462,5.8
14.548,4.88,14.98,4.88,15.46,4.592,14.2187,5.83,14.4616,5.84
14.5485,4.91,14.985,4.91,15.47,4.619,14.2157,5.87,14.4612,5.88
14.549,4.94,14.99,4.94,15.48,4.646,14.2127,5.91,14.4608,5.92
14.5495,4.97,14.995,4.97,15.49,4.673,14.2097,5.95,14.4604,5.96
14.55,5,15,5,15.5,4.7,14.2067,5.99,14.46,6
14.5505,5.03,15.005,5.03,15.51,4.727,14.2037,6.03,14.4596,6.04
14.551,5.06,15.01,5.06,15.52,4.754,14.2007,6.07,14.4592,6.08
14.5515,5.09,15.015,5.09,15.53,4.781,14.1977,6.11,14.4588,6.12
14.552,5.12,15.02,5.12,15.54,4.808,14.1947,6.15,14.4584,6.16
14.5525,5.15,15.025,5.15,15.55,4.835,14.1917,6.19,14.458,6.2
14.553,5.18,15.03,5.18,15.56,4.862,14.1887,6.23,14.4576,6.24
14.5535,5.21,15.035,5.21,15.57,4.889,14.1857,6.27,14.4572,6.28
14.554,5.24,15.04,5.24,15.58,4.916,14.1827,6.31,14.4568,6.32
14.5545,5.27,15.045,5.27,15.59,4.943,14.1797,6.35,14.4564,6.36
14.555,5.3,15.05,5.3,15.6,4.97,14.1767,6.39,14.456,6.4
14.5555,5.33,15.055,5.33,15.61,4.997,14.1737,6.43,14.4556,6.44
14.556,5.36,15.06,5.36,15.62,5.024,14.1707,6.47,14.4552,6.48
14.5565,5.39,15.065,5.39,15.63,5.051,14.1677,6.51,14.4548,6.52
14.557,5.42,15.07,5.42,15.64,5.078,14.1647,6.55,14.4544,6.56
14.5575,5.45,15.075,5.45,15.65,5.105,14.1617,6.59,14.454,6.6
14.558,5.48,15.08,5.48,15.66,5.132,14.1587,6.63,14.4536,6.64
14.5585,5.51,15.085,5.51,15.67,5.159,14.1557,6.67,14.4532,6.68
14.559,5.54,15.09,5.54,15.68,5.186,14.1527,6.71,14.4528,6.72
14.5595,5.57,15.095,5.57,15.69,5.213,14.1497,6.75,14.4524,6.76
14.56,5.6,15.1,5.6,15.7,5.24,14.1467,6.79,14.452,6.8
14.5605,5.63,15.105,5.63,15.71,5.267,14.1437,6.83,14.4516,6.84
14.561,5.66,15.11,5.66,15.72,5.294,14.1407,6.87,14.4512,6.88
14.5615,5.69,15.115,5.69,15.73,5.321,14.1377,6.91,14.4508,6.92
14.562,5.72,15.12,5.72,15.74,5.348,14.1347,6.95,14.4504,6.96
14.5625,5.75,15.125,5.75,15.75,5.375,14.1317,6.99,14.45,7
14.563,5.78,15.13,5.78,15.76,5.402,14.1287,7.03,14.4496,7.04
14.5635,5.81,15.135,5.81,15.77,5.429,14.1257,7.07,14.4492,7.08
14.564,5.84,15.14,5.84,15.78,5.456,14.1227,7.11,14.4488,7.12
14.5645,5.87,15.145,5.87,15.79,5.483,14.1197,7.15,14.4484,7.16
14.565,5.9,15.15,5.9,15.8,5.51,14.1167,7.19,14.448,7.2
14.5655,5.93,15.155,5.93,15.81,5.537,14.1137,7.23,14.4476,7.24
14.566,5.96,15.16,5.96,15.82,5.564,14.1107,7.27,14.4472,7.28
14.5665,5.99,15.165,5.99,15.83,5.591,14.1077,7.31,14.4468,7.32
14.567,6.02,15.17,6.02,15.84,5.618,14.1047,7.35,14.4464,7.36
14.5675,6.05,15.175,6.05,15.85,5.645,14.1017,7.39,14.446,7.4
14.568,6.08,15.18,6.08,15.86,5.672,14.0987,7.43,14.4456,7.44
14.5685,6.11,15.185,6.11,15.87,5.699,14.0957,7.47,14.4452,7.48
14.569,6.14,15.19,6.14,15.88,5.726,14.0927,7.51,14.4448,7.52
14.5695,6.17,15.195,6.17,15.89,5.753,14.0897,7.55,14.4444,7.56
14.57,6.2,15.2,6.2,15.9,5.78,14.0867,7.59,14.444,7.6
14.5705,6.23,15.205,6.23,15.91,5.807,14.0837,7.63,14.4436,7.64
14.571,6.26,15.21,6.26,15.92,5.834,14.0807,7.67,14.4432,7.68
14.5715,6.29,15.215,6.29,15.93,5.861,14.0777,7.71,14.4428,7.72
14.572,6.32,15.22,6.32,15.94,5.888,14.0747,7.75,14.4424,7.76
14.5725,6.35,15.225,6.35,15.95,5.915,14.0717,7.79,14.442,7.8
14.573,6.38,15.23,6.38,15.96,5.942,14.0687,7.83,14.4416,7.84
14.5735,6.41,15.235,6.41,15.97,5.969,14.0657,7.87,14.4412,7.88
14.574,6.44,15.24,6.44,15.98,5.996,14.0627,7.91,14.4408,7.92
14.5745,6.47,15.245,6.47,15.99,6.023,14.0597,7.95,14.4404,7.96
14.575,6.5,15.25,6.5,16,6.05,14.0567,7.99,14.44,8
14.5755,6.53,15.255,6.53,16.01,6.077,14.0537,8.03,14.4396,8.04
14.576,6.56,15.26,6.56,16.02,6.104,14.0507,8.07,14.4392,8.08
14.5765,6.59,15.265,6.59,16.03,6.131,14.0477,8.11,14.4388,8.12
14.577,6.62,15.27,6.62,16.04,6.158,14.0447,8.15,14.4384,8.16
14.5775,6.65,15.275,6.65,16.05,6.185,14.0417,8.19,14.438,8.2
14.578,6.68,15.28,6.68,16.06,6.212,14.0387,8.23,14.4376,8.24
14.5785,6.71,15.285,6.71,16.07,6.239,14.0357,8.27,14.4372,8.28
14.579,6.74,15.29,6.74,16.08,6.266,14.0327,8.31,14.4368,8.32
14.5795,6.77,15.295,6.77,16.09,6.293,14.0297,8.35,14.4364,8.36
14.58,6.8,15.3,6.8,16.1,6.32,14.0267,8.39,14.436,8.4
14.5805,6.83,15.305,6.83,16.11,6.347,14.0237,8.43,14.4356,8.44
14.581,6.86,15.31,6.86,16.12,6.374,14.0207,8.47,14.4352,8.48
14.5815,6.89,15.315,6.89,16.13,6.401,14.0177,8.51,14.4348,8.52
14.582,6.92,15.32,6.92,16.14,6.428,14.0147,8.55,14.4344,8.56
14.5825,6.95,15.325,6.95,16.15,6.455,14.0117,8.59,14.434,8.6
14.583,6.98,15.33,6.98,16.16,6.482,14.0087,8.63,14.4336,8.64
14.5835,7.01,15.335,7.01,16.17,6.509,14.0057,8.67,14.4332,8.68
14.584,7.04,15.34,7.04,16.18,6.536,14.0027,8.71,14.4328,8.72
14.5845,7.07,15.345,7.07,16.19,6.563,13.9997,8.75,14.4324,8.76
14.585,7.1,15.35,7.1,16.2,6.59,13.9967,8.79,14.432,8.8
14.5855,7.13,15.355,7.13,16.21,6.617,13.9937,8.83,14.4316,8.84
14.586,7.16,15.36,7.16,16.22,6.644,13.9907,8.87,14.4312,8.88
14.5865,7.19,15.365,7.19,16.23,6.671,13.9877,8.91,14.4308,8.92
14.587,7.22,15.37,7.22,16.24,6.698,13.9847,8.95,14.4304,8.96
14.5875,7.25,15.375,7.25,16.25,6.725,13.9817,8.99,14.43,9
14.588,7.28,15.38,7.28,16.26,6.752,13.9787,9.03,14.4296,9.04
14.5885,7.31,15.385,7.31,16.27,6.779,13.9757,9.07,14.4292,9.08
14.589,7.34,15.39,7.34,16.28,6.806,13.9727,9.11,14.4288,9.12
14.5895,7.37,15.395,7.37,16.29,6.833,13.9697,9.15,14.4284,9.16
14.59,7.4,15.4,7.4,16.3,6.86,13.9667,9.19,14.428,9.2
14.5905,7.43,15.405,7.43,16.31,6.887,13.9637,9.23,14.4276,9.24
14.591,7.46,15.41,7.46,16.32,6.914,13.9607,9.27,14.4272,9.28
14.5915,7.49,15.415,7.49,16.33,6.941,13.9577,9.31,14.4268,9.32
14.592,7.52,15.42,7.52,16.34,6.968,13.9547,9.35,14.4264,9.36
14.5925,7.55,15.425,7.55,16.35,6.995,13.9517,9.39,14.426,9.4
14.593,7.58,15.43,7.58,16.36,7.022,13.9487,9.43,14.4256,9.44
14.5935,7.61,15.435,7.61,16.37,7.049,13.9457,9.47,14.4252,9.48
14.594,7.64,15.44,7.64,16.38,7.076,13.9427,9.51,14.4248,9.52
14.5945,7.67,15.445,7.67,16.39,7.103,13.9397,9.55,14.4244,9.56
14.595,7.7,15.45,7.7,16.4,7.13,13.9367,9.59,14.424,9.6
14.5955,7.73,15.455,7.73,16.41,7.157,13.9337,9.63,14.4236,9.64
14.596,7.76,15.46,7.76,16.42,7.184,13.9307,9.67,14.4232,9.68
14.5965,7.79,15.465,7.79,16.43,7.211,13.9277,9.71,14.4228,9.72
14.597,7.82,15.47,7.82,16.44,7.238,13.9247,9.75,14.4224,9.76
14.5975,7.85,15.475,7.85,16.45,7.265,13.9217,9.79,14.422,9.8
14.598,7.88,15.48,7.88,16.46,7.292,13.9187,9.83,14.4216,9.84
14.5985,7.91,15.485,7.91,16.47,7.319,13.9157,9.87,14.4212,9.88
14.599,7.94,15.49,7.94,16.48,7.346,13.9127,9.91,14.4208,9.92
14.5995,7.97,15.495,7.97,16.49,7.373,13.9097,9.95,14.4204,9.96
14.6,8,15.5,8,16.5,7.4,13.9067,9.99,14.42,10
14.6005,8.03,15.505,8.03,16.51,7.427,13.9037,10.03,14.4196,10.04
14.601,8.06,15.51,8.06,16.52,7.454,13.9007,10.07,14.4192,10.08
14.6015,8.09,15.515,8.09,16.53,7.481,13.8977,10.11,14.4188,10.12
14.602,8.12,15.52,8.12,16.54,7.508,13.8947,10.15,14.4184,10.16
14.6025,8.15,15.525,8.15,16.55,7.535,13.8917,10.19,14.418,10.2
14.603,8.18,15.53,8.18,16.56,7.562,13.8887,10.23,14.4176,10.24
14.6035,8.21,15.535,8.21,16.57,7.589,13.8857,10.27,14.4172,10.28
14.604,8.24,15.54,8.24,16.58,7.616,13.8827,10.31,14.4168,10.32
14.6045,8.27,15.545,8.27,16.59,7.643,13.8797,10.35,14.4164,10.36
14.605,8.3,15.55,8.3,16.6,7.67,13.8767,10.39,14.416,10.4
14.6055,8.33,15.555,8.33,16.61,7.697,13.8737,10.43,14.4156,10.44
14.606,8.36,15.56,8.36,16.62,7.724,13.8707,10.47,14.4152,10.48
14.6065,8.39,15.565,8.39,16.63,7.751,13.8677,10.51,14.4148,10.52
14.607,8.42,15.57,8.42,16.64,7.778,13.8647,10.55,14.4144,10.56
14.6075,8.45,15.575,8.45,16.65,7.805,13.8617,10.59,14.414,10.6
14.608,8.48,15.58,8.48,16.66,7.832,13.8587,10.63,14.4136,10.64
14.6085,8.51,15.585,8.51,16.67,7.859,13.8557,10.67,14.4132,10.68
14.609,8.54,15.59,8.54,16.68,7.886,13.8527,10.71,14.4128,10.72
14.6095,8.57,15.595,8.57,16.69,7.913,13.8497,10.75,14.4124,10.76
14.61,8.6,15.6,8.6,16.7,7.94,13.8467,10.79,14.412,10.8
14.6105,8.63,15.605,8.63,16.71,7.967,13.8437,10.83,14.4116,10.84
14.611,8.66,15.61,8.66,16.72,7.994,13.8407,10.87,14.4112,10.88
14.6115,8.69,15.615,8.69,16.73,8.021,13.8377,10.91,14.4108,10.92
14.612,8.72,15.62,8.72,16.74,8.048,13.8347,10.95,14.4104,10.96
14.6125,8.75,15.625,8.75,16.75,8.075,13.8317,10.99,14.41,11
14.613,8.78,15.63,8.78,16.76,8.102,13.8287,11.03,14.4096,11.04
14.6135,8.81,15.635,8.81,16.77,8.129,13.8257,11.07,14.4092,11.08
14.614,8.84,15.64,8.84,16.78,8.156,13.8227,11.11,14.4088,11.12
14.6145,8.87,15.645,8.87,16.79,8.183,13.8197,11.15,14.4084,11.16
14.615,8.9,15.65,8.9,16.8,8.21,13.8167,11.19,14.408,11.2
14.6155,8.93,15.655,8.93,16.81,8.237,13.8137,11.23,14.4076,11.24
14.616,8.96,15.66,8.96,16.82,8.264,13.8107,11.27,14.4072,11.28
14.6165,8.99,15.665,8.99,16.83,8.291,13.8077,11.31,14.4068,11.32
14.617,9.02,15.67,9.02,16.84,8.318,13.8047,11.35,14.4064,11.36
14.6175,9.05,15.675,9.05,16.85,8.345,13.8017,11.39,14.406,11.4
14.618,9.08,15.68,9.08,16.86,8.372,13.7987,11.43,14.4056,11.44
14.6185,9.11,15.685,9.11,16.87,8.399,13.7957,11.47,14.4052,11.48
14.619,9.14,15.69,9.14,16.88,8.426,13.7927,11.51,14.4048,11.52
14.6195,9.17,15.695,9.17,16.89,8.453,13.7897,11.55,14.4044,11.56
14.62,9.2,15.7,9.2,16.9,8.48,13.7867,11.59,14.404,11.6
14.6205,9.23,15.705,9.23,16.91,8.507,13.7837,11.63,14.4036,11.64
14.621,9.26,15.71,9.26,16.92,8.534,13.7807,11.67,14.4032,11.68
14.6215,9.29,15.715,9.29,16.93,8.561,13.7777,11.71,14.4028,11.72
14.622,9.32,15.72,9.32,16.94,8.588,13.7747,11.75,14.4024,11.76
14.6225,9.35,15.725,9.35,16.95,8.615,13.7717,11.79,14.402,11.8
14.623,9.38,15.73,9.38,16.96,8.642,13.7687,11.83,14.4016,11.84
14.6235,9.41,15.735,9.41,16.97,8.669,13.7657,11.87,14.4012,11.88
14.624,9.44,15.74,9.44,16.98,8.696,13.7627,11.91,14.4008,11.92
14.6245,9.47,15.745,9.47,16.99,8.723,13.7597,11.95,14.4004,11.96
14.625,9.5,15.75,9.5,17,8.75,13.7567,11.99,14.4,12
14.6255,9.53,15.755,9.53,17.01,8.777,13.7537,12.03,14.3996,12.04
14.626,9.56,15.76,9.56,17.02,8.804,13.7507,12.07,14.3992,12.08
14.6265,9.59,15.765,9.59,17.03,8.831,13.7477,12.11,14.3988,12.12
14.627,9.62,15.77,9.62,17.04,8.858,13.7447,12.15,14.3984,12.16
14.6275,9.65,15.775,9.65,17.05,8.885,13.7417,12.19,14.398,12.2
14.628,9.68,15.78,9.68,17.06,8.912,13.7387,12.23,14.3976,12.24
14.6285,9.71,15.785,9.71,17.07,8.939,13.7357,12.27,14.3972,12.28
14.629,9.74,15.79,9.74,17.08,8.966,13.7327,12.31,14.3968,12.32
14.6295,9.77,15.795,9.77,17.09,8.993,13.7297,12.35,14.3964,12.36
14.63,9.8,15.8,9.8,17.1,9.02,13.7267,12.39,14.396,12.4
14.6305,9.83,15.805,9.83,17.11,9.047,13.7237,12.43,14.3956,12.44
14.631,9.86,15.81,9.86,17.12,9.074,13.7207,12.47,14.3952,12.48
14.6315,9.89,15.815,9.89,17.13,9.101,13.7177,12.51,14.3948,12.52
14.632,9.92,15.82,9.92,17.14,9.128,13.7147,12.55,14.3944,12.56
14.6325,9.95,15.825,9.95,17.15,9.155,13.7117,12.59,14.394,12.6
14.633,9.98,15.83,9.98,17.16,9.182,13.7087,12.63,14.3936,12.64
14.6335,10.01,15.835,10.01,17.17,9.209,13.7057,12.67,14.3932,12.68
14.634,10.04,15.84,10.04,17.18,9.236,13.7027,12.71,14.3928,12.72
14.6345,10.07,15.845,10.07,17.19,9.263,13.6997,12.75,14.3924,12.76
14.635,10.1,15.85,10.1,17.2,9.29,13.6967,12.79,14.392,12.8
14.6355,10.13,15.855,10.13,17.21,9.317,13.6937,12.83,14.3916,12.84
14.636,10.16,15.86,10.16,17.22,9.344,13.6907,12.87,14.3912,12.88
14.6365,10.19,15.865,10.19,17.23,9.371,13.6877,12.91,14.3908,12.92
14.637,10.22,15.87,10.22,17.24,9.398,13.6847,12.95,14.3904,12.96
14.6375,10.25,15.875,10.25,17.25,9.425,13.6817,12.99,14.39,13
14.638,10.28,15.88,10.28,17.26,9.452,13.6787,13.03,14.3896,13.04
14.6385,10.31,15.885,10.31,17.27,9.479,13.6757,13.07,14.3892,13.08
14.639,10.34,15.89,10.34,17.28,9.506,13.6727,13.11,14.3888,13.12
14.6395,10.37,15.895,10.37,17.29,9.533,13.6697,13.15,14.3884,13.16
14.64,10.4,15.9,10.4,17.3,9.56,13.6667,13.19,14.388,13.2
14.6405,10.43,15.905,10.43,17.31,9.587,13.6637,13.23,14.3876,13.24
14.641,10.46,15.91,10.46,17.32,9.614,13.6607,13.27,14.3872,13.28
14.6415,10.49,15.915,10.49,17.33,9.641,13.6577,13.31,14.3868,13.32
14.642,10.52,15.92,10.52,17.34,9.668,13.6547,13.35,14.3864,13.36
14.6425,10.55,15.925,10.55,17.35,9.695,13.6517,13.39,14.386,13.4
14.643,10.58,15.93,10.58,17.36,9.722,13.6487,13.43,14.3856,13.44
14.6435,10.61,15.935,10.61,17.37,9.749,13.6457,13.47,14.3852,13.48
14.644,10.64,15.94,10.64,17.38,9.776,13.6427,13.51,14.3848,13.52
14.6445,10.67,15.945,10.67,17.39,9.803,13.6397,13.55,14.3844,13.56
14.645,10.7,15.95,10.7,17.4,9.83,13.6367,13.59,14.384,13.6
14.6455,10.73,15.955,10.73,17.41,9.857,13.6337,13.63,14.3836,13.64
14.646,10.76,15.96,10.76,17.42,9.884,13.6307,13.67,14.3832,13.68
14.6465,10.79,15.965,10.79,17.43,9.911,13.6277,13.71,14.3828,13.72
14.647,10.82,15.97,10.82,17.44,9.938,13.6247,13.75,14.3824,13.76
14.6475,10.85,15.975,10.85,17.45,9.965,13.6217,13.79,14.382,13.8
14.648,10.88,15.98,10.88,17.46,9.992,13.6187,13.83,14.3816,13.84
14.668,10.879,15.995,10.884,17.47,9.991,13.6337,13.834,14.3966,13.8401
14.688,10.878,16.01,10.888,17.48,9.99,13.6487,13.838,14.4116,13.8402
14.708,10.877,16.025,10.892,17.49,9.989,13.6637,13.842,14.4266,13.8403
14.728,10.876,16.04,10.896,17.5,9.988,13.6787,13.846,14.4416,13.8404
14.748,10.875,16.055,10.9,17.51,9.987,13.6937,13.85,14.4566,13.8405
14.768,10.874,16.07,10.904,17.52,9.986,13.7087,13.854,14.4716,13.8406
14.788,10.873,16.085,10.908,17.53,9.985,13.7237,13.858,14.4866,13.8407
14.808,10.872,16.1,10.912,17.54,9.984,13.7387,13.862,14.5016,13.8408
14.828,10.871,16.115,10.916,17.55,9.983,13.7537,13.866,14.5166,13.8409
14.848,10.87,16.13,10.92,17.56,9.982,13.7687,13.87,14.5316,13.841
14.868,10.869,16.145,10.924,17.57,9.981,13.7837,13.874,14.5466,13.8411
14.888,10.868,16.16,10.928,17.58,9.98,13.7987,13.878,14.5616,13.8412
14.908,10.867,16.175,10.932,17.59,9.979,13.8137,13.882,14.5766,13.8413
14.928,10.866,16.19,10.936,17.6,9.978,13.8287,13.886,14.5916,13.8414
14.948,10.865,16.205,10.94,17.61,9.977,13.8437,13.89,14.6066,13.8415
14.968,10.864,16.22,10.944,17.62,9.976,13.8587,13.894,14.6216,13.8416
14.988,10.863,16.235,10.948,17.63,9.975,13.8737,13.898,14.6366,13.8417
15.008,10.862,16.25,10.952,17.64,9.974,13.8887,13.902,14.6516,13.8418
15.028,10.861,16.265,10.956,17.65,9.973,13.9037,13.906,14.6666,13.8419
15.048,10.86,16.28,10.96,17.66,9.972,13.9187,13.91,14.6816,13.842
15.068,10.859,16.295,10.964,17.67,9.971,13.9337,13.914,14.6966,13.8421
15.088,10.858,16.31,10.968,17.68,9.97,13.9487,13.918,14.7116,13.8422
15.108,10.857,16.325,10.972,17.69,9.969,13.9637,13.922,14.7266,13.8423
15.128,10.856,16.34,10.976,17.7,9.968,13.9787,13.926,14.7416,13.8424
15.148,10.855,16.355,10.98,17.71,9.967,13.9937,13.93,14.7566,13.8425
15.168,10.854,16.37,10.984,17.72,9.966,14.0087,13.934,14.7716,13.8426
15.188,10.853,16.385,10.988,17.73,9.965,14.0237,13.938,14.7866,13.8427
15.208,10.852,16.4,10.992,17.74,9.964,14.0387,13.942,14.8016,13.8428
15.228,10.851,16.415,10.996,17.75,9.963,14.0537,13.946,14.8166,13.8429
15.248,10.85,16.43,11,17.76,9.962,14.0687,13.95,14.8316,13.843
15.268,10.849,16.445,11.004,17.77,9.961,14.0837,13.954,14.8466,13.8431
15.288,10.848,16.46,11.008,17.78,9.96,14.0987,13.958,14.8616,13.8432
15.308,10.847,16.475,11.012,17.79,9.959,14.1137,13.962,14.8766,13.8433
15.328,10.846,16.49,11.016,17.8,9.958,14.1287,13.966,14.8916,13.8434
15.348,10.845,16.505,11.02,17.81,9.957,14.1437,13.97,14.9066,13.8435
15.368,10.844,16.52,11.024,17.82,9.956,14.1587,13.974,14.9216,13.8436
15.388,10.843,16.535,11.028,17.83,9.955,14.1737,13.978,14.9366,13.8437
15.408,10.842,16.55,11.032,17.84,9.954,14.1887,13.982,14.9516,13.8438
15.428,10.841,16.565,11.036,17.85,9.953,14.2037,13.986,14.9666,13.8439
15.448,10.84,16.58,11.04,17.86,9.952,14.2187,13.99,14.9816,13.844
15.468,10.839,16.595,11.044,17.87,9.951,14.2337,13.994,14.9966,13.8441
15.488,10.838,16.61,11.048,17.88,9.95,14.2487,13.998,15.0116,13.8442
15.508,10.837,16.625,11.052,17.89,9.949,14.2637,14.002,15.0266,13.8443
15.528,10.836,16.64,11.056,17.9,9.948,14.2787,14.006,15.0416,13.8444
15.548,10.835,16.655,11.06,17.91,9.947,14.2937,14.01,15.0566,13.8445
15.568,10.834,16.67,11.064,17.92,9.946,14.3087,14.014,15.0716,13.8446
15.588,10.833,16.685,11.068,17.93,9.945,14.3237,14.018,15.0866,13.8447
15.608,10.832,16.7,11.072,17.94,9.944,14.3387,14.022,15.1016,13.8448
15.628,10.831,16.715,11.076,17.95,9.943,14.3537,14.026,15.1166,13.8449
15.648,10.83,16.73,11.08,17.96,9.942,14.3687,14.03,15.1316,13.845
15.668,10.829,16.745,11.084,17.97,9.941,14.3837,14.034,15.1466,13.8451
15.688,10.828,16.76,11.088,17.98,9.94,14.3987,14.038,15.1616,13.8452
15.708,10.827,16.775,11.092,17.99,9.939,14.4137,14.042,15.1766,13.8453
15.728,10.826,16.79,11.096,18,9.938,14.4287,14.046,15.1916,13.8454
15.748,10.825,16.805,11.1,18.01,9.937,14.4437,14.05,15.2066,13.8455
15.768,10.824,16.82,11.104,18.02,9.936,14.4587,14.054,15.2216,13.8456
15.788,10.823,16.835,11.108,18.03,9.935,14.4737,14.058,15.2366,13.8457
15.808,10.822,16.85,11.112,18.04,9.934,14.4887,14.062,15.2516,13.8458
15.828,10.821,16.865,11.116,18.05,9.933,14.5037,14.066,15.2666,13.8459
15.848,10.82,16.88,11.12,18.06,9.932,14.5187,14.07,15.2816,13.846
15.868,10.819,16.895,11.124,18.07,9.931,14.5337,14.074,15.2966,13.8461
15.888,10.818,16.91,11.128,18.08,9.93,14.5487,14.078,15.3116,13.8462
15.908,10.817,16.925,11.132,18.09,9.929,14.5637,14.082,15.3266,13.8463
15.928,10.816,16.94,11.136,18.1,9.928,14.5787,14.086,15.3416,13.8464
15.948,10.815,16.955,11.14,18.11,9.927,14.5937,14.09,15.3566,13.8465
15.968,10.814,16.97,11.144,18.12,9.926,14.6087,14.094,15.3716,13.8466
15.988,10.813,16.985,11.148,18.13,9.925,14.6237,14.098,15.3866,13.8467
16.008,10.812,17,11.152,18.14,9.924,14.6387,14.102,15.4016,13.8468
16.028,10.811,17.015,11.156,18.15,9.923,14.6537,14.106,15.4166,13.8469
16.048,10.81,17.03,11.16,18.16,9.922,14.6687,14.11,15.4316,13.847
16.068,10.809,17.045,11.164,18.17,9.921,14.6837,14.114,15.4466,13.8471
16.088,10.808,17.06,11.168,18.18,9.92,14.6987,14.118,15.4616,13.8472
16.108,10.807,17.075,11.172,18.19,9.919,14.7137,14.122,15.4766,13.8473
16.128,10.806,17.09,11.176,18.2,9.918,14.7287,14.126,15.4916,13.8474
16.148,10.805,17.105,11.18,18.21,9.917,14.7437,14.13,15.5066,13.8475
16.168,10.804,17.12,11.184,18.22,9.916,14.7587,14.134,15.5216,13.8476
16.188,10.803,17.135,11.188,18.23,9.915,14.7737,14.138,15.5366,13.8477
16.208,10.802,17.15,11.192,18.24,9.914,14.7887,14.142,15.5516,13.8478
16.228,10.801,17.165,11.196,18.25,9.913,14.8037,14.146,15.5666,13.8479
16.248,10.8,17.18,11.2,18.26,9.912,14.8187,14.15,15.5816,13.848
16.268,10.799,17.195,11.204,18.27,9.911,14.8337,14.154,15.5966,13.8481
16.288,10.798,17.21,11.208,18.28,9.91,14.8487,14.158,15.6116,13.8482
16.308,10.797,17.225,11.212,18.29,9.909,14.8637,14.162,15.6266,13.8483
16.328,10.796,17.24,11.216,18.3,9.908,14.8787,14.166,15.6416,13.8484
16.348,10.795,17.255,11.22,18.31,9.907,14.8937,14.17,15.6566,13.8485
16.368,10.794,17.27,11.224,18.32,9.906,14.9087,14.174,15.6716,13.8486
16.388,10.793,17.285,11.228,18.33,9.905,14.9237,14.178,15.6866,13.8487
16.408,10.792,17.3,11.232,18.34,9.904,14.9387,14.182,15.7016,13.8488
16.428,10.791,17.315,11.236,18.35,9.903,14.9537,14.186,15.7166,13.8489
16.448,10.79,17.33,11.24,18.36,9.902,14.9687,14.19,15.7316,13.849
16.468,10.789,17.345,11.244,18.37,9.901,14.9837,14.194,15.7466,13.8491
16.488,10.788,17.36,11.248,18.38,9.9,14.9987,14.198,15.7616,13.8492
16.508,10.787,17.375,11.252,18.39,9.899,15.0137,14.202,15.7766,13.8493
16.528,10.786,17.39,11.256,18.4,9.898,15.0287,14.206,15.7916,13.8494
16.548,10.785,17.405,11.26,18.41,9.897,15.0437,14.21,15.8066,13.8495
16.568,10.784,17.42,11.264,18.42,9.896,15.0587,14.214,15.8216,13.8496
16.588,10.783,17.435,11.268,18.43,9.895,15.0737,14.218,15.8366,13.8497
16.608,10.782,17.45,11.272,18.44,9.894,15.0887,14.222,15.8516,13.8498
16.628,10.781,17.465,11.276,18.45,9.893,15.1037,14.226,15.8666,13.8499
16.648,10.78,17.48,11.28,18.46,9.892,15.1187,14.23,15.8816,13.85
16.668,10.779,17.495,11.284,18.47,9.891,15.1337,14.234,15.8966,13.8501
16.688,10.778,17.51,11.288,18.48,9.89,15.1487,14.238,15.9116,13.8502
16.708,10.777,17.525,11.292,18.49,9.889,15.1637,14.242,15.9266,13.8503
16.728,10.776,17.54,11.296,18.5,9.888,15.1787,14.246,15.9416,13.8504
16.748,10.775,17.555,11.3,18.51,9.887,15.1937,14.25,15.9566,13.8505
16.768,10.774,17.57,11.304,18.52,9.886,15.2087,14.254,15.9716,13.8506
16.788,10.773,17.585,11.308,18.53,9.885,15.2237,14.258,15.9866,13.8507
16.808,10.772,17.6,11.312,18.54,9.884,15.2387,14.262,16.0016,13.8508
16.828,10.771,17.615,11.316,18.55,9.883,15.2537,14.266,16.0166,13.8509
16.848,10.77,17.63,11.32,18.56,9.882,15.2687,14.27,16.0316,13.851
16.868,10.769,17.645,11.324,18.57,9.881,15.2837,14.274,16.0466,13.8511
16.888,10.768,17.66,11.328,18.58,9.88,15.2987,14.278,16.0616,13.8512
16.908,10.767,17.675,11.332,18.59,9.879,15.3137,14.282,16.0766,13.8513
16.928,10.766,17.69,11.336,18.6,9.878,15.3287,14.286,16.0916,13.8514
16.948,10.765,17.705,11.34,18.61,9.877,15.3437,14.29,16.1066,13.8515
16.968,10.764,17.72,11.344,18.62,9.876,15.3587,14.294,16.1216,13.8516
16.988,10.763,17.735,11.348,18.63,9.875,15.3737,14.298,16.1366,13.8517
17.008,10.762,17.75,11.352,18.64,9.874,15.3887,14.302,16.1516,13.8518
17.028,10.761,17.765,11.356,18.65,9.873,15.4037,14.306,16.1666,13.8519
17.048,10.76,17.78,11.36,18.66,9.872,15.4187,14.31,16.1816,13.852
17.068,10.759,17.795,11.364,18.67,9.871,15.4337,14.314,16.1966,13.8521
17.088,10.758,17.81,11.368,18.68,9.87,15.4487,14.318,16.2116,13.8522
17.108,10.757,17.825,11.372,18.69,9.869,15.4637,14.322,16.2266,13.8523
17.128,10.756,17.84,11.376,18.7,9.868,15.4787,14.326,16.2416,13.8524
17.148,10.755,17.855,11.38,18.71,9.867,15.4937,14.33,16.2566,13.8525
17.168,10.754,17.87,11.384,18.72,9.866,15.5087,14.334,16.2716,13.8526
17.188,10.753,17.885,11.388,18.73,9.865,15.5237,14.338,16.2866,13.8527
17.208,10.752,17.9,11.392,18.74,9.864,15.5387,14.342,16.3016,13.8528
17.228,10.751,17.915,11.396,18.75,9.863,15.5537,14.346,16.3166,13.8529
17.248,10.75,17.93,11.4,18.76,9.862,15.5687,14.35,16.3316,13.853
17.268,10.749,17.945,11.404,18.77,9.861,15.5837,14.354,16.3466,13.8531
17.288,10.748,17.96,11.408,18.78,9.86,15.5987,14.358,16.3616,13.8532
17.308,10.747,17.975,11.412,18.79,9.859,15.6137,14.362,16.3766,13.8533
17.328,10.746,17.99,11.416,18.8,9.858,15.6287,14.366,16.3916,13.8534
17.348,10.745,18.005,11.42,18.81,9.857,15.6437,14.37,16.4066,13.8535
17.368,10.744,18.02,11.424,18.82,9.856,15.6587,14.374,16.4216,13.8536
17.388,10.743,18.035,11.428,18.83,9.855,15.6737,14.378,16.4366,13.8537
17.408,10.742,18.05,11.432,18.84,9.854,15.6887,14.382,16.4516,13.8538
17.428,10.741,18.065,11.436,18.85,9.853,15.7037,14.386,16.4666,13.8539
17.448,10.74,18.08,11.44,18.86,9.852,15.7187,14.39,16.4816,13.854
17.468,10.739,18.095,11.444,18.87,9.851,15.7337,14.394,16.4966,13.8541
17.488,10.738,18.11,11.448,18.88,9.85,15.7487,14.398,16.5116,13.8542
17.508,10.737,18.125,11.452,18.89,9.849,15.7637,14.402,16.5266,13.8543
17.528,10.736,18.14,11.456,18.9,9.848,15.7787,14.406,16.5416,13.8544
17.548,10.735,18.155,11.46,18.91,9.847,15.7937,14.41,16.5566,13.8545
17.568,10.734,18.17,11.464,18.92,9.846,15.8087,14.414,16.5716,13.8546
17.588,10.733,18.185,11.468,18.93,9.845,15.8237,14.418,16.5866,13.8547
17.608,10.732,18.2,11.472,18.94,9.844,15.8387,14.422,16.6016,13.8548
17.628,10.731,18.215,11.476,18.95,9.843,15.8537,14.426,16.6166,13.8549
17.648,10.73,18.23,11.48,18.96,9.842,15.8687,14.43,16.6316,13.855
17.668,10.729,18.245,11.484,18.97,9.841,15.8837,14.434,16.6466,13.8551
17.688,10.728,18.26,11.488,18.98,9.84,15.8987,14.438,16.6616,13.8552
17.708,10.727,18.275,11.492,18.99,9.839,15.9137,14.442,16.6766,13.8553
17.728,10.726,18.29,11.496,19,9.838,15.9287,14.446,16.6916,13.8554
17.748,10.725,18.305,11.5,19.01,9.837,15.9437,14.45,16.7066,13.8555
17.768,10.724,18.32,11.504,19.02,9.836,15.9587,14.454,16.7216,13.8556
17.788,10.723,18.335,11.508,19.03,9.835,15.9737,14.458,16.7366,13.8557
17.808,10.722,18.35,11.512,19.04,9.834,15.9887,14.462,16.7516,13.8558
17.828,10.721,18.365,11.516,19.05,9.833,16.0037,14.466,16.7666,13.8559
17.848,10.72,18.38,11.52,19.06,9.832,16.0187,14.47,16.7816,13.856
17.868,10.719,18.395,11.524,19.07,9.831,16.0337,14.474,16.7966,13.8561
17.888,10.718,18.41,11.528,19.08,9.83,16.0487,14.478,16.8116,13.8562
17.908,10.717,18.425,11.532,19.09,9.829,16.0637,14.482,16.8266,13.8563
17.928,10.716,18.44,11.536,19.1,9.828,16.0787,14.486,16.8416,13.8564
17.948,10.715,18.455,11.54,19.11,9.827,16.0937,14.49,16.8566,13.8565
17.968,10.714,18.47,11.544,19.12,9.826,16.1087,14.494,16.8716,13.8566
17.988,10.713,18.485,11.548,19.13,9.825,16.1237,14.498,16.8866,13.8567
18.008,10.712,18.5,11.552,19.14,9.824,16.1387,14.502,16.9016,13.8568
18.028,10.711,18.515,11.556,19.15,9.823,16.1537,14.506,16.9166,13.8569
18.048,10.71,18.53,11.56,19.16,9.822,16.1687,14.51,16.9316,13.857
18.068,10.709,18.545,11.564,19.17,9.821,16.1837,14.514,16.9466,13.8571
18.088,10.708,18.56,11.568,19.18,9.82,16.1987,14.518,16.9616,13.8572
18.108,10.707,18.575,11.572,19.19,9.819,16.2137,14.522,16.9766,13.8573
18.128,10.706,18.59,11.576,19.2,9.818,16.2287,14.526,16.9916,13.8574
18.148,10.705,18.605,11.58,19.21,9.817,16.2437,14.53,17.0066,13.8575
18.168,10.704,18.62,11.584,19.22,9.816,16.2587,14.534,17.0216,13.8576
18.188,10.703,18.635,11.588,19.23,9.815,16.2737,14.538,17.0366,13.8577
18.208,10.702,18.65,11.592,19.24,9.814,16.2887,14.542,17.0516,13.8578
18.228,10.701,18.665,11.596,19.25,9.813,16.3037,14.546,17.0666,13.8579
18.248,10.7,18.68,11.6,19.26,9.812,16.3187,14.55,17.0816,13.858
18.268,10.699,18.695,11.604,19.27,9.811,16.3337,14.554,17.0966,13.8581
18.288,10.698,18.71,11.608,19.28,9.81,16.3487,14.558,17.1116,13.8582
18.308,10.697,18.725,11.612,19.29,9.809,16.3637,14.562,17.1266,13.8583
18.328,10.696,18.74,11.616,19.3,9.808,16.3787,14.566,17.1416,13.8584
18.348,10.695,18.755,11.62,19.31,9.807,16.3937,14.57,17.1566,13.8585
18.368,10.694,18.77,11.624,19.32,9.806,16.4087,14.574,17.1716,13.8586
18.388,10.693,18.785,11.628,19.33,9.805,16.4237,14.578,17.1866,13.8587
18.408,10.692,18.8,11.632,19.34,9.804,16.4387,14.582,17.2016,13.8588
18.428,10.691,18.815,11.636,19.35,9.803,16.4537,14.586,17.2166,13.8589
18.448,10.69,18.83,11.64,19.36,9.802,16.4687,14.59,17.2316,13.859
18.468,10.689,18.845,11.644,19.37,9.801,16.4837,14.594,17.2466,13.8591
18.488,10.688,18.86,11.648,19.38,9.8,16.4987,14.598,17.2616,13.8592
18.508,10.687,18.875,11.652,19.39,9.799,16.5137,14.602,17.2766,13.8593
18.528,10.686,18.89,11.656,19.4,9.798,16.5287,14.606,17.2916,13.8594
18.548,10.685,18.905,11.66,19.41,9.797,16.5437,14.61,17.3066,13.8595
18.568,10.684,18.92,11.664,19.42,9.796,16.5587,14.614,17.3216,13.8596
18.588,10.683,18.935,11.668,19.43,9.795,16.5737,14.618,17.3366,13.8597
18.608,10.682,18.95,11.672,19.44,9.794,16.5887,14.622,17.3516,13.8598
18.628,10.681,18.965,11.676,19.45,9.793,16.6037,14.626,17.3666,13.8599
18.648,10.68,18.98,11.68,19.46,9.792,16.6187,14.63,17.3816,13.86
18.668,10.679,18.995,11.684,19.47,9.791,16.6337,14.634,17.3966,13.8601
18.688,10.678,19.01,11.688,19.48,9.79,16.6487,14.638,17.4116,13.8602
18.708,10.677,19.025,11.692,19.49,9.789,16.6637,14.642,17.4266,13.8603
18.728,10.676,19.04,11.696,19.5,9.788,16.6787,14.646,17.4416,13.8604
18.748,10.675,19.055,11.7,19.51,9.787,16.6937,14.65,17.4566,13.8605
18.768,10.674,19.07,11.704,19.52,9.786,16.7087,14.654,17.4716,13.8606
18.788,10.673,19.085,11.708,19.53,9.785,16.7237,14.658,17.4866,13.8607
18.808,10.672,19.1,11.712,19.54,9.784,16.7387,14.662,17.5016,13.8608
18.828,10.671,19.115,11.716,19.55,9.783,16.7537,14.666,17.5166,13.8609
18.848,10.67,19.13,11.72,19.56,9.782,16.7687,14.67,17.5316,13.861
18.868,10.669,19.145,11.724,19.57,9.781,16.7837,14.674,17.5466,13.8611
18.888,10.668,19.16,11.728,19.58,9.78,16.7987,14.678,17.5616,13.8612
18.908,10.667,19.175,11.732,19.59,9.779,16.8137,14.682,17.5766,13.8613
18.928,10.666,19.19,11.736,19.6,9.778,16.8287,14.686,17.5916,13.8614
18.948,10.665,19.205,11.74,19.61,9.777,16.8437,14.69,17.6066,13.8615
18.968,10.664,19.22,11.744,19.62,9.776,16.8587,14.694,17.6216,13.8616
18.988,10.663,19.235,11.748,19.63,9.775,16.8737,14.698,17.6366,13.8617
19.008,10.662,19.25,11.752,19.64,9.774,16.8887,14.702,17.6516,13.8618
19.028,10.661,19.265,11.756,19.65,9.773,16.9037,14.706,17.6666,13.8619
19.048,10.66,19.28,11.76,19.66,9.772,16.9187,14.71,17.6816,13.862
19.068,10.659,19.295,11.764,19.67,9.771,16.9337,14.714,17.6966,13.8621
19.088,10.658,19.31,11.768,19.68,9.77,16.9487,14.718,17.7116,13.8622
19.108,10.657,19.325,11.772,19.69,9.769,16.9637,14.722,17.7266,13.8623
19.128,10.656,19.34,11.776,19.7,9.768,16.9787,14.726,17.7416,13.8624
19.148,10.655,19.355,11.78,19.71,9.767,16.9937,14.73,17.7566,13.8625
19.168,10.654,19.37,11.784,19.72,9.766,17.0087,14.734,17.7716,13.8626
19.188,10.653,19.385,11.788,19.73,9.765,17.0237,14.738,17.7866,13.8627
19.208,10.652,19.4,11.792,19.74,9.764,17.0387,14.742,17.8016,13.8628
19.228,10.651,19.415,11.796,19.75,9.763,17.0537,14.746,17.8166,13.8629
19.248,10.65,19.43,11.8,19.76,9.762,17.0687,14.75,17.8316,13.863
19.268,10.649,19.445,11.804,19.77,9.761,17.0837,14.754,17.8466,13.8631
19.288,10.648,19.46,11.808,19.78,9.76,17.0987,14.758,17.8616,13.8632
19.308,10.647,19.475,11.812,19.79,9.759,17.1137,14.762,17.8766,13.8633
19.328,10.646,19.49,11.816,19.8,9.758,17.1287,14.766,17.8916,13.8634
19.348,10.645,19.505,11.82,19.81,9.757,17.1437,14.77,17.9066,13.8635
19.368,10.644,19.52,11.824,19.82,9.756,17.1587,14.774,17.9216,13.8636
19.388,10.643,19.535,11.828,19.83,9.755,17.1737,14.778,17.9366,13.8637
19.408,10.642,19.55,11.832,19.84,9.754,17.1887,14.782,17.9516,13.8638
19.428,10.641,19.565,11.836,19.85,9.753,17.2037,14.786,17.9666,13.8639
19.448,10.64,19.58,11.84,19.86,9.752,17.2187,14.79,17.9816,13.864
19.468,10.639,19.595,11.844,19.87,9.751,17.2337,14.794,17.9966,13.8641
19.488,10.638,19.61,11.848,19.88,9.75,17.2487,14.798,18.0116,13.8642
19.508,10.637,19.625,11.852,19.89,9.749,17.2637,14.802,18.0266,13.8643
19.528,10.636,19.64,11.856,19.9,9.748,17.2787,14.806,18.0416,13.8644
19.548,10.635,19.655,11.86,19.91,9.747,17.2937,14.81,18.0566,13.8645
19.568,10.634,19.67,11.864,19.92,9.746,17.3087,14.814,18.0716,13.8646
19.588,10.633,19.685,11.868,19.93,9.745,17.3237,14.818,18.0866,13.8647
19.608,10.632,19.7,11.872,19.94,9.744,17.3387,14.822,18.1016,13.8648
19.628,10.631,19.715,11.876,19.95,9.743,17.3537,14.826,18.1166,13.8649
19.648,10.63,19.73,11.88,19.96,9.742,17.3687,14.83,18.1316,13.865
19.668,10.629,19.745,11.884,19.97,9.741,17.3837,14.834,18.1466,13.8651
19.688,10.628,19.76,11.888,19.98,9.74,17.3987,14.838,18.1616,13.8652
19.708,10.627,19.775,11.892,19.99,9.739,17.4137,14.842,18.1766,13.8653
19.728,10.626,19.79,11.896,20,9.738,17.4287,14.846,18.1916,13.8654
19.748,10.625,19.805,11.9,20.01,9.737,17.4437,14.85,18.2066,13.8655
19.768,10.624,19.82,11.904,20.02,9.736,17.4587,14.854,18.2216,13.8656
19.788,10.623,19.835,11.908,20.03,9.735,17.4737,14.858,18.2366,13.8657
19.808,10.622,19.85,11.912,20.04,9.734,17.4887,14.862,18.2516,13.8658
19.828,10.621,19.865,11.916,20.05,9.733,17.5037,14.866,18.2666,13.8659
19.848,10.62,19.88,11.92,20.06,9.732,17.5187,14.87,18.2816,13.866
19.868,10.619,19.895,11.924,20.07,9.731,17.5337,14.874,18.2966,13.8661
19.888,10.618,19.91,11.928,20.08,9.73,17.5487,14.878,18.3116,13.8662
19.908,10.617,19.925,11.932,20.09,9.729,17.5637,14.882,18.3266,13.8663
19.928,10.616,19.94,11.936,20.1,9.728,17.5787,14.886,18.3416,13.8664
19.948,10.615,19.955,11.94,20.11,9.727,17.5937,14.89,18.3566,13.8665
19.968,10.614,19.97,11.944,20.12,9.726,17.6087,14.894,18.3716,13.8666
19.988,10.613,19.985,11.948,20.13,9.725,17.6237,14.898,18.3866,13.8667
20.008,10.612,20,11.952,20.14,9.724,17.6387,14.902,18.4016,13.8668
20.028,10.611,20.015,11.956,20.15,9.723,17.6537,14.906,18.4166,13.8669
20.048,10.61,20.03,11.96,20.16,9.722,17.6687,14.91,18.4316,13.867
20.068,10.609,20.045,11.964,20.17,9.721,17.6837,14.914,18.4466,13.8671
20.088,10.608,20.06,11.968,20.18,9.72,17.6987,14.918,18.4616,13.8672
20.108,10.607,20.075,11.972,20.19,9.719,17.7137,14.922,18.4766,13.8673
20.128,10.606,20.09,11.976,20.2,9.718,17.7287,14.926,18.4916,13.8674
20.148,10.605,20.105,11.98,20.21,9.717,17.7437,14.93,18.5066,13.8675
20.168,10.604,20.12,11.984,20.22,9.716,17.7587,14.934,18.5216,13.8676
20.188,10.603,20.135,11.988,20.23,9.715,17.7737,14.938,18.5366,13.8677
20.208,10.602,20.15,11.992,20.24,9.714,17.7887,14.942,18.5516,13.8678
20.228,10.601,20.165,11.996,20.25,9.713,17.8037,14.946,18.5666,13.8679
20.248,10.6,20.18,12,20.26,9.712,17.8187,14.95,18.5816,13.868
20.268,10.599,20.195,12.004,20.27,9.711,17.8337,14.954,18.5966,13.8681
20.288,10.598,20.21,12.008,20.28,9.71,17.8487,14.958,18.6116,13.8682
20.308,10.597,20.225,12.012,20.29,9.709,17.8637,14.962,18.6266,13.8683
20.328,10.596,20.24,12.016,20.3,9.708,17.8787,14.966,18.6416,13.8684
20.348,10.595,20.255,12.02,20.31,9.707,17.8937,14.97,18.6566,13.8685
20.368,10.594,20.27,12.024,20.32,9.706,17.9087,14.974,18.6716,13.8686
20.388,10.593,20.285,12.028,20.33,9.705,17.9237,14.978,18.6866,13.8687
20.408,10.592,20.3,12.032,20.34,9.704,17.9387,14.982,18.7016,13.8688
20.428,10.591,20.315,12.036,20.35,9.703,17.9537,14.986,18.7166,13.8689
20.448,10.59,20.33,12.04,20.36,9.702,17.9687,14.99,18.7316,13.869
20.468,10.589,20.345,12.044,20.37,9.701,17.9837,14.994,18.7466,13.8691
20.488,10.588,20.36,12.048,20.38,9.7,17.9987,14.998,18.7616,13.8692
20.508,10.587,20.375,12.052,20.39,9.699,18.0137,15.002,18.7766,13.8693
20.528,10.586,20.39,12.056,20.4,9.698,18.0287,15.006,18.7916,13.8694
20.548,10.585,20.405,12.06,20.41,9.697,18.0437,15.01,18.8066,13.8695
20.568,10.584,20.42,12.064,20.42,9.696,18.0587,15.014,18.8216,13.8696
20.588,10.583,20.435,12.068,20.43,9.695,18.0737,15.018,18.8366,13.8697
20.608,10.582,20.45,12.072,20.44,9.694,18.0887,15.022,18.8516,13.8698
20.628,10.581,20.465,12.076,20.45,9.693,18.1037,15.026,18.8666,13.8699
20.648,10.58,20.48,12.08,20.46,9.692,18.1187,15.03,18.8816,13.87
20.668,10.579,20.495,12.084,20.47,9.691,18.1337,15.034,18.8966,13.8701
20.688,10.578,20.51,12.088,20.48,9.69,18.1487,15.038,18.9116,13.8702
20.708,10.577,20.525,12.092,20.49,9.689,18.1637,15.042,18.9266,13.8703
20.728,10.576,20.54,12.096,20.5,9.688,18.1787,15.046,18.9416,13.8704
20.748,10.575,20.555,12.1,20.51,9.687,18.1937,15.05,18.9566,13.8705
20.768,10.574,20.57,12.104,20.52,9.686,18.2087,15.054,18.9716,13.8706
20.788,10.573,20.585,12.108,20.53,9.685,18.2237,15.058,18.9866,13.8707
20.808,10.572,20.6,12.112,20.54,9.684,18.2387,15.062,19.0016,13.8708
20.828,10.571,20.615,12.116,20.55,9.683,18.2537,15.066,19.0166,13.8709
20.848,10.57,20.63,12.12,20.56,9.682,18.2687,15.07,19.0316,13.871
20.868,10.569,20.645,12.124,20.57,9.681,18.2837,15.074,19.0466,13.8711
20.888,10.568,20.66,12.128,20.58,9.68,18.2987,15.078,19.0616,13.8712
20.908,10.567,20.675,12.132,20.59,9.679,18.3137,15.082,19.0766,13.8713
20.928,10.566,20.69,12.136,20.6,9.678,18.3287,15.086,19.0916,13.8714
20.948,10.565,20.705,12.14,20.61,9.677,18.3437,15.09,19.1066,13.8715
20.968,10.564,20.72,12.144,20.62,9.676,18.3587,15.094,19.1216,13.8716
20.988,10.563,20.735,12.148,20.63,9.675,18.3737,15.098,19.1366,13.8717
21.008,10.562,20.75,12.152,20.64,9.674,18.3887,15.102,19.1516,13.8718
21.028,10.561,20.765,12.156,20.65,9.673,18.4037,15.106,19.1666,13.8719
21.048,10.56,20.78,12.16,20.66,9.672,18.4187,15.11,19.1816,13.872
21.068,10.559,20.795,12.164,20.67,9.671,18.4337,15.114,19.1966,13.8721
21.088,10.558,20.81,12.168,20.68,9.67,18.4487,15.118,19.2116,13.8722
21.108,10.557,20.825,12.172,20.69,9.669,18.4637,15.122,19.2266,13.8723
21.128,10.556,20.84,12.176,20.7,9.668,18.4787,15.126,19.2416,13.8724
21.148,10.555,20.855,12.18,20.71,9.667,18.4937,15.13,19.2566,13.8725
21.168,10.554,20.87,12.184,20.72,9.666,18.5087,15.134,19.2716,13.8726
21.188,10.553,20.885,12.188,20.73,9.665,18.5237,15.138,19.2866,13.8727
21.208,10.552,20.9,12.192,20.74,9.664,18.5387,15.142,19.3016,13.8728
21.228,10.551,20.915,12.196,20.75,9.663,18.5537,15.146,19.3166,13.8729
21.248,10.55,20.93,12.2,20.76,9.662,18.5687,15.15,19.3316,13.873
21.268,10.549,20.945,12.204,20.77,9.661,18.5837,15.154,19.3466,13.8731
21.288,10.548,20.96,12.208,20.78,9.66,18.5987,15.158,19.3616,13.8732
21.308,10.547,20.975,12.212,20.79,9.659,18.6137,15.162,19.3766,13.8733
21.328,10.546,20.99,12.216,20.8,9.658,18.6287,15.166,19.3916,13.8734
21.348,10.545,21.005,12.22,20.81,9.657,18.6437,15.17,19.4066,13.8735
21.368,10.544,21.02,12.224,20.82,9.656,18.6587,15.174,19.4216,13.8736
21.388,10.543,21.035,12.228,20.83,9.655,18.6737,15.178,19.4366,13.8737
21.408,10.542,21.05,12.232,20.84,9.654,18.6887,15.182,19.4516,13.8738
21.428,10.541,21.065,12.236,20.85,9.653,18.7037,15.186,19.4666,13.8739
21.448,10.54,21.08,12.24,20.86,9.652,18.7187,15.19,19.4816,13.874
21.468,10.539,21.095,12.244,20.87,9.651,18.7337,15.194,19.4966,13.8741
21.488,10.538,21.11,12.248,20.88,9.65,18.7487,15.198,19.5116,13.8742
21.508,10.537,21.125,12.252,20.89,9.649,18.7637,15.202,19.5266,13.8743
21.528,10.536,21.14,12.256,20.9,9.648,18.7787,15.206,19.5416,13.8744
21.548,10.535,21.155,12.26,20.91,9.647,18.7937,15.21,19.5566,13.8745
21.568,10.534,21.17,12.264,20.92,9.646,18.8087,15.214,19.5716,13.8746
21.588,10.533,21.185,12.268,20.93,9.645,18.8237,15.218,19.5866,13.8747
21.608,10.532,21.2,12.272,20.94,9.644,18.8387,15.222,19.6016,13.8748
21.628,10.531,21.215,12.276,20.95,9.643,18.8537,15.226,19.6166,13.8749
21.648,10.53,21.23,12.28,20.96,9.642,18.8687,15.23,19.6316,13.875
21.668,10.529,21.245,12.284,20.97,9.641,18.8837,15.234,19.6466,13.8751
21.688,10.528,21.26,12.288,20.98,9.64,18.8987,15.238,19.6616,13.8752
21.708,10.527,21.275,12.292,20.99,9.639,18.9137,15.242,19.6766,13.8753
21.728,10.526,21.29,12.296,21,9.638,18.9287,15.246,19.6916,13.8754
21.748,10.525,21.305,12.3,21.01,9.637,18.9437,15.25,19.7066,13.8755
21.768,10.524,21.32,12.304,21.02,9.636,18.9587,15.254,19.7216,13.8756
21.788,10.523,21.335,12.308,21.03,9.635,18.9737,15.258,19.7366,13.8757
21.808,10.522,21.35,12.312,21.04,9.634,18.9887,15.262,19.7516,13.8758
21.828,10.521,21.365,12.316,21.05,9.633,19.0037,15.266,19.7666,13.8759
21.848,10.52,21.38,12.32,21.06,9.632,19.0187,15.27,19.7816,13.876
21.868,10.519,21.395,12.324,21.07,9.631,19.0337,15.274,19.7966,13.8761
21.888,10.518,21.41,12.328,21.08,9.63,19.0487,15.278,19.8116,13.8762
21.908,10.517,21.425,12.332,21.09,9.629,19.0637,15.282,19.8266,13.8763
21.928,10.516,21.44,12.336,21.1,9.628,19.0787,15.286,19.8416,13.8764
21.948,10.515,21.455,12.34,21.11,9.627,19.0937,15.29,19.8566,13.8765
21.968,10.514,21.47,12.344,21.12,9.626,19.1087,15.294,19.8716,13.8766
21.988,10.513,21.485,12.348,21.13,9.625,19.1237,15.298,19.8866,13.8767
22.008,10.512,21.5,12.352,21.14,9.624,19.1387,15.302,19.9016,13.8768
22.028,10.511,21.515,12.356,21.15,9.623,19.1537,15.306,19.9166,13.8769
22.048,10.51,21.53,12.36,21.16,9.622,19.1687,15.31,19.9316,13.877
22.068,10.509,21.545,12.364,21.17,9.621,19.1837,15.314,19.9466,13.8771
22.088,10.508,21.56,12.368,21.18,9.62,19.1987,15.318,19.9616,13.8772
22.108,10.507,21.575,12.372,21.19,9.619,19.2137,15.322,19.9766,13.8773
22.128,10.506,21.59,12.376,21.2,9.618,19.2287,15.326,19.9916,13.8774
22.148,10.505,21.605,12.38,21.21,9.617,19.2437,15.33,20.0066,13.8775
22.168,10.504,21.62,12.384,21.22,9.616,19.2587,15.334,20.0216,13.8776
22.188,10.503,21.635,12.388,21.23,9.615,19.2737,15.338,20.0366,13.8777
22.208,10.502,21.65,12.392,21.24,9.614,19.2887,15.342,20.0516,13.8778
22.228,10.501,21.665,12.396,21.25,9.613,19.3037,15.346,20.0666,13.8779
22.248,10.5,21.68,12.4,21.26,9.612,19.3187,15.35,20.0816,13.878
22.268,10.499,21.695,12.404,21.27,9.611,19.3337,15.354,20.0966,13.8781
22.288,10.498,21.71,12.408,21.28,9.61,19.3487,15.358,20.1116,13.8782
22.308,10.497,21.725,12.412,21.29,9.609,19.3637,15.362,20.1266,13.8783
22.328,10.496,21.74,12.416,21.3,9.608,19.3787,15.366,20.1416,13.8784
22.348,10.495,21.755,12.42,21.31,9.607,19.3937,15.37,20.1566,13.8785
22.368,10.494,21.77,12.424,21.32,9.606,19.4087,15.374,20.1716,13.8786
22.388,10.493,21.785,12.428,21.33,9.605,19.4237,15.378,20.1866,13.8787
22.408,10.492,21.8,12.432,21.34,9.604,19.4387,15.382,20.2016,13.8788
22.428,10.491,21.815,12.436,21.35,9.603,19.4537,15.386,20.2166,13.8789
22.448,10.49,21.83,12.44,21.36,9.602,19.4687,15.39,20.2316,13.879
22.468,10.489,21.845,12.444,21.37,9.601,19.4837,15.394,20.2466,13.8791
22.488,10.488,21.86,12.448,21.38,9.6,19.4987,15.398,20.2616,13.8792
22.508,10.487,21.875,12.452,21.39,9.599,19.5137,15.402,20.2766,13.8793
22.528,10.486,21.89,12.456,21.4,9.598,19.5287,15.406,20.2916,13.8794
22.548,10.485,21.905,12.46,21.41,9.597,19.5437,15.41,20.3066,13.8795
22.568,10.484,21.92,12.464,21.42,9.596,19.5587,15.414,20.3216,13.8796
22.588,10.483,21.935,12.468,21.43,9.595,19.5737,15.418,20.3366,13.8797
22.608,10.482,21.95,12.472,21.44,9.594,19.5887,15.422,20.3516,13.8798
22.628,10.481,21.965,12.476,21.45,9.593,19.6037,15.426,20.3666,13.8799
22.648,10.48,21.98,12.48,21.46,9.592,19.6187,15.43,20.3816,13.88
22.668,10.479,21.995,12.484,21.47,9.591,19.6337,15.434,20.3966,13.8801
22.688,10.478,22.01,12.488,21.48,9.59,19.6487,15.438,20.4116,13.8802
22.708,10.477,22.025,12.492,21.49,9.589,19.6637,15.442,20.4266,13.8803
22.728,10.476,22.04,12.496,21.5,9.588,19.6787,15.446,20.4416,13.8804
22.748,10.475,22.055,12.5,21.51,9.587,19.6937,15.45,20.4566,13.8805
22.768,10.474,22.07,12.504,21.52,9.586,19.7087,15.454,20.4716,13.8806
22.788,10.473,22.085,12.508,21.53,9.585,19.7237,15.458,20.4866,13.8807
22.808,10.472,22.1,12.512,21.54,9.584,19.7387,15.462,20.5016,13.8808
22.828,10.471,22.115,12.516,21.55,9.583,19.7537,15.466,20.5166,13.8809
22.848,10.47,22.13,12.52,21.56,9.582,19.7687,15.47,20.5316,13.881
22.868,10.469,22.145,12.524,21.57,9.581,19.7837,15.474,20.5466,13.8811
22.888,10.468,22.16,12.528,21.58,9.58,19.7987,15.478,20.5616,13.8812
22.908,10.467,22.175,12.532,21.59,9.579,19.8137,15.482,20.5766,13.8813
22.928,10.466,22.19,12.536,21.6,9.578,19.8287,15.486,20.5916,13.8814
22.948,10.465,22.205,12.54,21.61,9.577,19.8437,15.49,20.6066,13.8815
22.968,10.464,22.22,12.544,21.62,9.576,19.8587,15.494,20.6216,13.8816
22.988,10.463,22.235,12.548,21.63,9.575,19.8737,15.498,20.6366,13.8817
23.008,10.462,22.25,12.552,21.64,9.574,19.8887,15.502,20.6516,13.8818
23.028,10.461,22.265,12.556,21.65,9.573,19.9037,15.506,20.6666,13.8819
23.048,10.46,22.28,12.56,21.66,9.572,19.9187,15.51,20.6816,13.882
23.068,10.459,22.295,12.564,21.67,9.571,19.9337,15.514,20.6966,13.8821
23.088,10.458,22.31,12.568,21.68,9.57,19.9487,15.518,20.7116,13.8822
23.108,10.457,22.325,12.572,21.69,9.569,19.9637,15.522,20.7266,13.8823
23.128,10.456,22.34,12.576,21.7,9.568,19.9787,15.526,20.7416,13.8824
23.148,10.455,22.355,12.58,21.71,9.567,19.9937,15.53,20.7566,13.8825
23.168,10.454,22.37,12.584,21.72,9.566,20.0087,15.534,20.7716,13.8826
23.188,10.453,22.385,12.588,21.73,9.565,20.0237,15.538,20.7866,13.8827
23.208,10.452,22.4,12.592,21.74,9.564,20.0387,15.542,20.8016,13.8828
23.228,10.451,22.415,12.596,21.75,9.563,20.0537,15.546,20.8166,13.8829
23.248,10.45,22.43,12.6,21.76,9.562,20.0687,15.55,20.8316,13.883
23.268,10.449,22.445,12.604,21.77,9.561,20.0837,15.554,20.8466,13.8831
23.288,10.448,22.46,12.608,21.78,9.56,20.0987,15.558,20.8616,13.8832
23.308,10.447,22.475,12.612,21.79,9.559,20.1137,15.562,20.8766,13.8833
23.328,10.446,22.49,12.616,21.8,9.558,20.1287,15.566,20.8916,13.8834
23.348,10.445,22.505,12.62,21.81,9.557,20.1437,15.57,20.9066,13.8835
23.368,10.444,22.52,12.624,21.82,9.556,20.1587,15.574,20.9216,13.8836
23.388,10.443,22.535,12.628,21.83,9.555,20.1737,15.578,20.9366,13.8837
23.408,10.442,22.55,12.632,21.84,9.554,20.1887,15.582,20.9516,13.8838
23.428,10.441,22.565,12.636,21.85,9.553,20.2037,15.586,20.9666,13.8839
23.448,10.44,22.58,12.64,21.86,9.552,20.2187,15.59,20.9816,13.884
23.468,10.439,22.595,12.644,21.87,9.551,20.2337,15.594,20.9966,13.8841
23.488,10.438,22.61,12.648,21.88,9.55,20.2487,15.598,21.0116,13.8842
23.508,10.437,22.625,12.652,21.89,9.549,20.2637,15.602,21.0266,13.8843
23.528,10.436,22.64,12.656,21.9,9.548,20.2787,15.606,21.0416,13.8844
23.548,10.435,22.655,12.66,21.91,9.547,20.2937,15.61,21.0566,13.8845
23.568,10.434,22.67,12.664,21.92,9.546,20.3087,15.614,21.0716,13.8846
23.588,10.433,22.685,12.668,21.93,9.545,20.3237,15.618,21.0866,13.8847
23.608,10.432,22.7,12.672,21.94,9.544,20.3387,15.622,21.1016,13.8848
23.628,10.431,22.715,12.676,21.95,9.543,20.3537,15.626,21.1166,13.8849
23.648,10.43,22.73,12.68,21.96,9.542,20.3687,15.63,21.1316,13.885
23.668,10.429,22.745,12.684,21.97,9.541,20.3837,15.634,21.1466,13.8851
23.688,10.428,22.76,12.688,21.98,9.54,20.3987,15.638,21.1616,13.8852
23.708,10.427,22.775,12.692,21.99,9.539,20.4137,15.642,21.1766,13.8853
23.728,10.426,22.79,12.696,22,9.538,20.4287,15.646,21.1916,13.8854
23.748,10.425,22.805,12.7,22.01,9.537,20.4437,15.65,21.2066,13.8855
23.768,10.424,22.82,12.704,22.02,9.536,20.4587,15.654,21.2216,13.8856
23.788,10.423,22.835,12.708,22.03,9.535,20.4737,15.658,21.2366,13.8857
23.808,10.422,22.85,12.712,22.04,9.534,20.4887,15.662,21.2516,13.8858
23.828,10.421,22.865,12.716,22.05,9.533,20.5037,15.666,21.2666,13.8859
23.848,10.42,22.88,12.72,22.06,9.532,20.5187,15.67,21.2816,13.886
23.868,10.419,22.895,12.724,22.07,9.531,20.5337,15.674,21.2966,13.8861
23.888,10.418,22.91,12.728,22.08,9.53,20.5487,15.678,21.3116,13.8862
23.908,10.417,22.925,12.732,22.09,9.529,20.5637,15.682,21.3266,13.8863
23.928,10.416,22.94,12.736,22.1,9.528,20.5787,15.686,21.3416,13.8864
23.948,10.415,22.955,12.74,22.11,9.527,20.5937,15.69,21.3566,13.8865
23.968,10.414,22.97,12.744,22.12,9.526,20.6087,15.694,21.3716,13.8866
23.988,10.413,22.985,12.748,22.13,9.525,20.6237,15.698,21.3866,13.8867
24.008,10.412,23,12.752,22.14,9.524,20.6387,15.702,21.4016,13.8868
24.028,10.411,23.015,12.756,22.15,9.523,20.6537,15.706,21.4166,13.8869
24.048,10.41,23.03,12.76,22.16,9.522,20.6687,15.71,21.4316,13.887
24.068,10.409,23.045,12.764,22.17,9.521,20.6837,15.714,21.4466,13.8871
24.088,10.408,23.06,12.768,22.18,9.52,20.6987,15.718,21.4616,13.8872
24.108,10.407,23.075,12.772,22.19,9.519,20.7137,15.722,21.4766,13.8873
24.128,10.406,23.09,12.776,22.2,9.518,20.7287,15.726,21.4916,13.8874
24.148,10.405,23.105,12.78,22.21,9.517,20.7437,15.73,21.5066,13.8875
24.168,10.404,23.12,12.784,22.22,9.516,20.7587,15.734,21.5216,13.8876
24.188,10.403,23.135,12.788,22.23,9.515,20.7737,15.738,21.5366,13.8877
24.208,10.402,23.15,12.792,22.24,9.514,20.7887,15.742,21.5516,13.8878
24.228,10.401,23.165,12.796,22.25,9.513,20.8037,15.746,21.5666,13.8879
24.248,10.4,23.18,12.8,22.26,9.512,20.8187,15.75,21.5816,13.888
24.268,10.399,23.195,12.804,22.27,9.511,20.8337,15.754,21.5966,13.8881
24.288,10.398,23.21,12.808,22.28,9.51,20.8487,15.758,21.6116,13.8882
24.308,10.397,23.225,12.812,22.29,9.509,20.8637,15.762,21.6266,13.8883
24.328,10.396,23.24,12.816,22.3,9.508,20.8787,15.766,21.6416,13.8884
24.348,10.395,23.255,12.82,22.31,9.507,20.8937,15.77,21.6566,13.8885
24.368,10.394,23.27,12.824,22.32,9.506,20.9087,15.774,21.6716,13.8886
24.388,10.393,23.285,12.828,22.33,9.505,20.9237,15.778,21.6866,13.8887
24.408,10.392,23.3,12.832,22.34,9.504,20.9387,15.782,21.7016,13.8888
24.428,10.391,23.315,12.836,22.35,9.503,20.9537,15.786,21.7166,13.8889
24.448,10.39,23.33,12.84,22.36,9.502,20.9687,15.79,21.7316,13.889
24.468,10.389,23.345,12.844,22.37,9.501,20.9837,15.794,21.7466,13.8891
24.488,10.388,23.36,12.848,22.38,9.5,20.9987,15.798,21.7616,13.8892
24.508,10.387,23.375,12.852,22.39,9.499,21.0137,15.802,21.7766,13.8893
24.528,10.386,23.39,12.856,22.4,9.498,21.0287,15.806,21.7916,13.8894
24.548,10.385,23.405,12.86,22.41,9.497,21.0437,15.81,21.8066,13.8895
24.568,10.384,23.42,12.864,22.42,9.496,21.0587,15.814,21.8216,13.8896
24.588,10.383,23.435,12.868,22.43,9.495,21.0737,15.818,21.8366,13.8897
24.608,10.382,23.45,12.872,22.44,9.494,21.0887,15.822,21.8516,13.8898
24.628,10.381,23.465,12.876,22.45,9.493,21.1037,15.826,21.8666,13.8899
24.648,10.38,23.48,12.88,22.46,9.492,21.1187,15.83,21.8816,13.89
24.668,10.379,23.495,12.884,22.47,9.491,21.1337,15.834,21.8966,13.8901
24.688,10.378,23.51,12.888,22.48,9.49,21.1487,15.838,21.9116,13.8902
24.708,10.377,23.525,12.892,22.49,9.489,21.1637,15.842,21.9266,13.8903
24.728,10.376,23.54,12.896,22.5,9.488,21.1787,15.846,21.9416,13.8904
24.748,10.375,23.555,12.9,22.51,9.487,21.1937,15.85,21.9566,13.8905
24.768,10.374,23.57,12.904,22.52,9.486,21.2087,15.854,21.9716,13.8906
24.788,10.373,23.585,12.908,22.53,9.485,21.2237,15.858,21.9866,13.8907
24.808,10.372,23.6,12.912,22.54,9.484,21.2387,15.862,22.0016,13.8908
24.828,10.371,23.615,12.916,22.55,9.483,21.2537,15.866,22.0166,13.8909
24.848,10.37,23.63,12.92,22.56,9.482,21.2687,15.87,22.0316,13.891
24.868,10.369,23.645,12.924,22.57,9.481,21.2837,15.874,22.0466,13.8911
24.888,10.368,23.66,12.928,22.58,9.48,21.2987,15.878,22.0616,13.8912
24.908,10.367,23.675,12.932,22.59,9.479,21.3137,15.882,22.0766,13.8913
24.928,10.366,23.69,12.936,22.6,9.478,21.3287,15.886,22.0916,13.8914
24.948,10.365,23.705,12.94,22.61,9.477,21.3437,15.89,22.1066,13.8915
24.968,10.364,23.72,12.944,22.62,9.476,21.3587,15.894,22.1216,13.8916
24.988,10.363,23.735,12.948,22.63,9.475,21.3737,15.898,22.1366,13.8917
25.008,10.362,23.75,12.952,22.64,9.474,21.3887,15.902,22.1516,13.8918
25.028,10.361,23.765,12.956,22.65,9.473,21.4037,15.906,22.1666,13.8919
25.048,10.36,23.78,12.96,22.66,9.472,21.4187,15.91,22.1816,13.892
25.068,10.359,23.795,12.964,22.67,9.471,21.4337,15.914,22.1966,13.8921
25.088,10.358,23.81,12.968,22.68,9.47,21.4487,15.918,22.2116,13.8922
25.108,10.357,23.825,12.972,22.69,9.469,21.4637,15.922,22.2266,13.8923
25.128,10.356,23.84,12.976,22.7,9.468,21.4787,15.926,22.2416,13.8924
25.148,10.355,23.855,12.98,22.71,9.467,21.4937,15.93,22.2566,13.8925
25.168,10.354,23.87,12.984,22.72,9.466,21.5087,15.934,22.2716,13.8926
25.188,10.353,23.885,12.988,22.73,9.465,21.5237,15.938,22.2866,13.8927
25.208,10.352,23.9,12.992,22.74,9.464,21.5387,15.942,22.3016,13.8928
25.228,10.351,23.915,12.996,22.75,9.463,21.5537,15.946,22.3166,13.8929
25.248,10.35,23.93,13,22.76,9.462,21.5687,15.95,22.3316,13.893
25.268,10.349,23.945,13.004,22.77,9.461,21.5837,15.954,22.3466,13.8931
25.288,10.348,23.96,13.008,22.78,9.46,21.5987,15.958,22.3616,13.8932
25.308,10.347,23.975,13.012,22.79,9.459,21.6137,15.962,22.3766,13.8933
25.328,10.346,23.99,13.016,22.8,9.458,21.6287,15.966,22.3916,13.8934
25.348,10.345,24.005,13.02,22.81,9.457,21.6437,15.97,22.4066,13.8935
25.368,10.344,24.02,13.024,22.82,9.456,21.6587,15.974,22.4216,13.8936
25.388,10.343,24.035,13.028,22.83,9.455,21.6737,15.978,22.4366,13.8937
25.408,10.342,24.05,13.032,22.84,9.454,21.6887,15.982,22.4516,13.8938
25.428,10.341,24.065,13.036,22.85,9.453,21.7037,15.986,22.4666,13.8939
25.448,10.34,24.08,13.04,22.86,9.452,21.7187,15.99,22.4816,13.894
25.468,10.339,24.095,13.044,22.87,9.451,21.7337,15.994,22.4966,13.8941
25.488,10.338,24.11,13.048,22.88,9.45,21.7487,15.998,22.5116,13.8942
25.508,10.337,24.125,13.052,22.89,9.449,21.7637,16.002,22.5266,13.8943
25.528,10.336,24.14,13.056,22.9,9.448,21.7787,16.006,22.5416,13.8944
25.548,10.335,24.155,13.06,22.91,9.447,21.7937,16.01,22.5566,13.8945
25.568,10.334,24.17,13.064,22.92,9.446,21.8087,16.014,22.5716,13.8946
25.588,10.333,24.185,13.068,22.93,9.445,21.8237,16.018,22.5866,13.8947
25.608,10.332,24.2,13.072,22.94,9.444,21.8387,16.022,22.6016,13.8948
25.628,10.331,24.215,13.076,22.95,9.443,21.8537,16.026,22.6166,13.8949
25.648,10.33,24.23,13.08,22.96,9.442,21.8687,16.03,22.6316,13.895
25.668,10.329,24.245,13.084,22.97,9.441,21.8837,16.034,22.6466,13.8951
25.688,10.328,24.26,13.088,22.98,9.44,21.8987,16.038,22.6616,13.8952
25.708,10.327,24.275,13.092,22.99,9.439,21.9137,16.042,22.6766,13.8953
25.728,10.326,24.29,13.096,23,9.438,21.9287,16.046,22.6916,13.8954
25.748,10.325,24.305,13.1,23.01,9.437,21.9437,16.05,22.7066,13.8955
25.768,10.324,24.32,13.104,23.02,9.436,21.9587,16.054,22.7216,13.8956
25.788,10.323,24.335,13.108,23.03,9.435,21.9737,16.058,22.7366,13.8957
25.808,10.322,24.35,13.112,23.04,9.434,21.9887,16.062,22.7516,13.8958
25.828,10.321,24.365,13.116,23.05,9.433,22.0037,16.066,22.7666,13.8959
25.848,10.32,24.38,13.12,23.06,9.432,22.0187,16.07,22.7816,13.896
25.868,10.319,24.395,13.124,23.07,9.431,22.0337,16.074,22.7966,13.8961
25.888,10.318,24.41,13.128,23.08,9.43,22.0487,16.078,22.8116,13.8962
25.908,10.317,24.425,13.132,23.09,9.429,22.0637,16.082,22.8266,13.8963
25.928,10.316,24.44,13.136,23.1,9.428,22.0787,16.086,22.8416,13.8964
25.948,10.315,24.455,13.14,23.11,9.427,22.0937,16.09,22.8566,13.8965
25.968,10.314,24.47,13.144,23.12,9.426,22.1087,16.094,22.8716,13.8966
25.988,10.313,24.485,13.148,23.13,9.425,22.1237,16.098,22.8866,13.8967
26.008,10.312,24.5,13.152,23.14,9.424,22.1387,16.102,22.9016,13.8968
26.028,10.311,24.515,13.156,23.15,9.423,22.1537,16.106,22.9166,13.8969
26.048,10.31,24.53,13.16,23.16,9.422,22.1687,16.11,22.9316,13.897
26.068,10.309,24.545,13.164,23.17,9.421,22.1837,16.114,22.9466,13.8971
26.088,10.308,24.56,13.168,23.18,9.42,22.1987,16.118,22.9616,13.8972
26.108,10.307,24.575,13.172,23.19,9.419,22.2137,16.122,22.9766,13.8973
26.128,10.306,24.59,13.176,23.2,9.418,22.2287,16.126,22.9916,13.8974
26.148,10.305,24.605,13.18,23.21,9.417,22.2437,16.13,23.0066,13.8975
26.168,10.304,24.62,13.184,23.22,9.416,22.2587,16.134,23.0216,13.8976
26.188,10.303,24.635,13.188,23.23,9.415,22.2737,16.138,23.0366,13.8977
26.208,10.302,24.65,13.192,23.24,9.414,22.2887,16.142,23.0516,13.8978
26.228,10.301,24.665,13.196,23.25,9.413,22.3037,16.146,23.0666,13.8979
26.248,10.3,24.68,13.2,23.26,9.412,22.3187,16.15,23.0816,13.898
26.268,10.299,24.695,13.204,23.27,9.411,22.3337,16.154,23.0966,13.8981
26.288,10.298,24.71,13.208,23.28,9.41,22.3487,16.158,23.1116,13.8982
26.308,10.297,24.725,13.212,23.29,9.409,22.3637,16.162,23.1266,13.8983
26.328,10.296,24.74,13.216,23.3,9.408,22.3787,16.166,23.1416,13.8984
26.348,10.295,24.755,13.22,23.31,9.407,22.3937,16.17,23.1566,13.8985
26.368,10.294,24.77,13.224,23.32,9.406,22.4087,16.174,23.1716,13.8986
26.388,10.293,24.785,13.228,23.33,9.405,22.4237,16.178,23.1866,13.8987
26.408,10.292,24.8,13.232,23.34,9.404,22.4387,16.182,23.2016,13.8988
26.428,10.291,24.815,13.236,23.35,9.403,22.4537,16.186,23.2166,13.8989
26.448,10.29,24.83,13.24,23.36,9.402,22.4687,16.19,23.2316,13.899
26.468,10.289,24.845,13.244,23.37,9.401,22.4837,16.194,23.2466,13.8991
26.488,10.288,24.86,13.248,23.38,9.4,22.4987,16.198,23.2616,13.8992
26.508,10.287,24.875,13.252,23.39,9.399,22.5137,16.202,23.2766,13.8993
26.528,10.286,24.89,13.256,23.4,9.398,22.5287,16.206,23.2916,13.8994
26.548,10.285,24.905,13.26,23.41,9.397,22.5437,16.21,23.3066,13.8995
26.568,10.284,24.92,13.264,23.42,9.396,22.5587,16.214,23.3216,13.8996
26.588,10.283,24.935,13.268,23.43,9.395,22.5737,16.218,23.3366,13.8997
26.608,10.282,24.95,13.272,23.44,9.394,22.5887,16.222,23.3516,13.8998
26.628,10.281,24.965,13.276,23.45,9.393,22.6037,16.226,23.3666,13.8999
26.648,10.28,24.98,13.28,23.46,9.392,22.6187,16.23,23.3816,13.9
26.668,10.279,24.995,13.284,23.47,9.391,22.6337,16.234,23.3966,13.9001
