-589.99,-6299.29,0.03,0.01,-55.45,-30838.6799999997,55.45,30838.6799999997
-589.96,-6299.28,0.03,0,-55.46,-30783.2299999997,55.46,30783.2299999997
-589.93,-6299.28,0.03,0.01,-55.46,-30727.7699999997,55.46,30727.7699999997
-589.9,-6299.27,-0.04,-0.07,-55.47,-30672.3099999997,55.47,30672.3099999997
-589.94,-6299.34,0.03,0.01,-55.4,-30616.8399999997,55.4,30616.8399999997
-589.91,-6299.33,0.03,0,-55.41,-30561.4399999997,55.41,30561.4399999997
-589.88,-6299.33,0.03,0.01,-55.41,-30506.0299999997,55.41,30506.0299999997
-589.85,-6299.32,0.03,0,-55.42,-30450.6199999997,55.42,30450.6199999997
-589.82,-6299.32,-0.02,-0.05,-55.42,-30395.1999999997,55.42,30395.1999999997
-589.84,-6299.37,0.04,0,-55.37,-30339.7799999997,55.37,30339.7799999997
-589.8,-6299.37,0.03,0.01,-55.37,-30284.4099999997,55.37,30284.4099999997
-589.77,-6299.36,0.03,0,-55.38,-30229.0399999997,55.38,30229.0399999997
-589.74,-6299.36,0.03,0,-55.38,-30173.6599999997,55.38,30173.6599999997
-589.71,-6299.36,-0.04,-0.06,-55.38,-30118.2799999997,55.38,30118.2799999997
-589.75,-6299.42,0.03,0,-55.32,-30062.8999999997,55.32,30062.8999999997
-589.72,-6299.42,0.04,0,-55.32,-30007.5799999997,55.32,30007.5799999997
-589.68,-6299.42,0.03,0,-55.32,-29952.2599999997,55.32,29952.2599999997
-589.65,-6299.42,0.03,0.01,-55.32,-29896.9399999997,55.32,29896.9399999997
-589.62,-6299.41,-0.02,-0.06,-55.33,-29841.6199999997,55.33,29841.6199999997
-589.64,-6299.47,0.03,0,-55.27,-29786.2899999997,55.27,29786.2899999997
-589.61,-6299.47,0.04,0.01,-55.27,-29731.0199999997,55.27,29731.0199999997
-589.57,-6299.46,0.03,0,-55.28,-29675.7499999997,55.28,29675.7499999997
-589.54,-6299.46,0.03,0,-55.28,-29620.4699999997,55.28,29620.4699999997
-589.51,-6299.46,-0.02,-0.1,-55.28,-29565.1899999997,55.28,29565.1899999997
-589.53,-6299.56,0.03,0,-55.18,-29509.9099999997,55.18,29509.9099999997
-589.5,-6299.56,0.03,0,-55.18,-29454.7299999997,55.18,29454.7299999997
-589.47,-6299.56,0.04,0,-55.18,-29399.5499999997,55.18,29399.5499999997
-589.43,-6299.56,0.03,0,-55.18,-29344.3699999997,55.18,29344.3699999997
-589.4,-6299.56,-0.04,-0.2,-55.18,-29289.1899999997,55.18,29289.1899999997
-589.44,-6299.76,0.03,0,-54.98,-29234.0099999997,54.98,29234.0099999997
-589.41,-6299.76,0.04,0,-54.98,-29179.0299999997,54.98,29179.0299999997
-589.37,-6299.76,0.03,0,-54.98,-29124.0499999997,54.98,29124.0499999997
-589.34,-6299.76,0.03,0,-54.98,-29069.0699999997,54.98,29069.0699999997
-589.31,-6299.76,0.04,0,-54.98,-29014.0899999997,54.98,29014.0899999997
-589.27,-6299.76,-0.05,-0.2,-54.98,-28959.1099999997,54.98,28959.1099999997
-589.32,-6299.96,0.04,0,-54.78,-28904.1299999997,54.78,28904.1299999997
-589.28,-6299.96,0.03,0,-54.78,-28849.3499999997,54.78,28849.3499999997
-589.25,-6299.96,0.04,0,-54.78,-28794.5699999997,54.78,28794.5699999997
-589.21,-6299.96,-0.03,-0.18,-54.78,-28739.7899999997,54.78,28739.7899999997
-589.24,-6300.14,0.04,0,-54.6,-28685.0099999997,54.6,28685.0099999997
-589.2,-6300.14,0.03,0,-54.6,-28630.4099999997,54.6,28630.4099999997
-589.17,-6300.14,0.03,0,-54.6,-28575.8099999997,54.6,28575.8099999997
-589.14,-6300.14,0.04,0,-54.6,-28521.2099999997,54.6,28521.2099999997
-589.1,-6300.14,-0.03,-0.18,-54.6,-28466.6099999998,54.6,28466.6099999998
-589.13,-6300.32,0.04,0,-54.42,-28412.0099999998,54.42,28412.0099999998
-589.09,-6300.32,0.03,0,-54.42,-28357.5899999998,54.42,28357.5899999998
-589.06,-6300.32,0.04,-0.01,-54.42,-28303.1699999998,54.42,28303.1699999998
-589.02,-6300.33,0.03,0,-54.41,-28248.7499999998,54.41,28248.7499999998
-588.99,-6300.33,-0.02,-0.18,-54.41,-28194.3399999998,54.41,28194.3399999998
-589.01,-6300.51,0.03,0,-54.23,-28139.9299999998,54.23,28139.9299999998
-588.98,-6300.51,0.04,0,-54.23,-28085.6999999998,54.23,28085.6999999998
-588.94,-6300.51,0.03,0,-54.23,-28031.4699999998,54.23,28031.4699999998
-588.91,-6300.51,0.04,-0.01,-54.23,-27977.2399999998,54.23,27977.2399999998
-588.87,-6300.52,-0.05,-0.2,-54.22,-27923.0099999998,54.22,27923.0099999998
-588.92,-6300.72,0.04,0,-54.02,-27868.7899999998,54.02,27868.7899999998
-588.88,-6300.72,0.03,0,-54.02,-27814.7699999998,54.02,27814.7699999998
-588.85,-6300.72,0.04,-0.01,-54.02,-27760.7499999998,54.02,27760.7499999998
-588.81,-6300.73,0.03,0,-54.01,-27706.7299999998,54.01,27706.7299999998
-588.78,-6300.73,-0.03,-0.18,-54.01,-27652.7199999998,54.01,27652.7199999998
-588.81,-6300.91,0.04,0,-53.83,-27598.7099999998,53.83,27598.7099999998
-588.77,-6300.91,0.04,-0.01,-53.83,-27544.8799999998,53.83,27544.8799999998
-588.73,-6300.92,0.03,0,-53.82,-27491.0499999998,53.82,27491.0499999998
-588.7,-6300.92,0.04,-0.01,-53.82,-27437.2299999998,53.82,27437.2299999998
-588.66,-6300.93,-0.03,-0.17,-53.81,-27383.4099999998,53.81,27383.4099999998
-588.69,-6301.1,0.03,-0.01,-53.64,-27329.5999999998,53.64,27329.5999999998
-588.66,-6301.11,0.04,-0.01,-53.63,-27275.9599999998,53.63,27275.9599999998
-588.62,-6301.12,0.04,0,-53.62,-27222.3299999998,53.62,27222.3299999998
-588.58,-6301.12,0.03,-0.01,-53.62,-27168.7099999998,53.62,27168.7099999998
-588.55,-6301.13,-0.03,-0.17,-53.61,-27115.0899999998,53.61,27115.0899999998
-588.58,-6301.3,0.04,-0.01,-53.44,-27061.4799999998,53.44,27061.4799999998
-588.54,-6301.31,0.04,-0.01,-53.43,-27008.0399999998,53.43,27008.0399999998
-588.5,-6301.32,0.03,0,-53.42,-26954.6099999998,53.42,26954.6099999998
-588.47,-6301.32,0.04,-0.01,-53.42,-26901.1899999998,53.42,26901.1899999998
-588.43,-6301.33,-0.03,-0.18,-53.41,-26847.7699999998,53.41,26847.7699999998
-588.46,-6301.51,0.03,0,-53.23,-26794.3599999998,53.23,26794.3599999998
-588.43,-6301.51,0.04,-0.01,-53.23,-26741.1299999998,53.23,26741.1299999998
-588.39,-6301.52,0.04,-0.01,-53.22,-26687.8999999998,53.22,26687.8999999998
-588.35,-6301.53,0.03,0,-53.21,-26634.6799999998,53.21,26634.6799999998
-588.32,-6301.53,-0.03,-0.18,-53.21,-26581.4699999998,53.21,26581.4699999998
-588.35,-6301.71,0.04,-0.01,-53.03,-26528.2599999998,53.03,26528.2599999998
-588.31,-6301.72,0.04,-0.01,-53.02,-26475.2299999998,53.02,26475.2299999998
-588.27,-6301.73,0.03,0,-53.01,-26422.2099999998,53.01,26422.2099999998
-588.24,-6301.73,0.04,-0.01,-53.01,-26369.1999999998,53.01,26369.1999999998
-588.2,-6301.74,0.04,-0.01,-53,-26316.1899999998,53,26316.1899999998
-588.16,-6301.75,-0.04,-0.18,-52.99,-26263.1899999998,52.99,26263.1899999998
-588.2,-6301.93,0.04,-0.01,-52.81,-26210.1999999998,52.81,26210.1999999998
-588.16,-6301.94,0.04,-0.01,-52.8,-26157.3899999998,52.8,26157.3899999998
-588.12,-6301.95,0.04,0,-52.79,-26104.5899999998,52.79,26104.5899999998
-588.08,-6301.95,-0.04,-0.18,-52.79,-26051.7999999998,52.79,26051.7999999998
-588.12,-6302.13,0.04,-0.01,-52.61,-25999.0099999998,52.61,25999.0099999998
-588.08,-6302.14,0.04,-0.01,-52.6,-25946.3999999998,52.6,25946.3999999998
-588.04,-6302.15,0.03,-0.01,-52.59,-25893.7999999998,52.59,25893.7999999998
-588.01,-6302.16,0.04,-0.01,-52.58,-25841.2099999998,52.58,25841.2099999998
-587.97,-6302.17,-0.03,-0.18,-52.57,-25788.6299999998,52.57,25788.6299999998
-588,-6302.35,0.03,-0.01,-52.39,-25736.0599999998,52.39,25736.0599999998
-587.97,-6302.36,0.04,-0.01,-52.38,-25683.6699999998,52.38,25683.6699999998
-587.93,-6302.37,0.04,-0.01,-52.37,-25631.2899999998,52.37,25631.2899999998
-587.89,-6302.38,0.04,-0.01,-52.36,-25578.9199999998,52.36,25578.9199999998
-587.85,-6302.39,-0.04,-0.17,-52.35,-25526.5599999998,52.35,25526.5599999998
-587.89,-6302.56,0.04,-0.02,-52.18,-25474.2099999998,52.18,25474.2099999998
-587.85,-6302.58,0.04,-0.01,-52.16,-25422.0299999998,52.16,25422.0299999998
-587.81,-6302.59,0.04,-0.01,-52.15,-25369.8699999998,52.15,25369.8699999998
-587.77,-6302.6,0.03,-0.01,-52.14,-25317.7199999998,52.14,25317.7199999998
-587.74,-6302.61,-0.03,-0.18,-52.13,-25265.5799999998,52.13,25265.5799999998
-587.77,-6302.79,0.03,-0.01,-51.95,-25213.4499999998,51.95,25213.4499999998
-587.74,-6302.8,0.04,-0.01,-51.94,-25161.4999999998,51.94,25161.4999999998
-587.7,-6302.81,0.04,-0.01,-51.93,-25109.5599999998,51.93,25109.5599999998
-587.66,-6302.82,0.04,-0.01,-51.92,-25057.6299999998,51.92,25057.6299999998
-587.62,-6302.83,-0.04,-0.18,-51.91,-25005.7099999998,51.91,25005.7099999998
-587.66,-6303.01,0.04,-0.01,-51.73,-24953.7999999998,51.73,24953.7999999998
-587.62,-6303.02,0.04,-0.01,-51.72,-24902.0699999998,51.72,24902.0699999998
-587.58,-6303.03,0.04,-0.02,-51.71,-24850.3499999998,51.71,24850.3499999998
-587.54,-6303.05,0.04,-0.01,-51.69,-24798.6399999998,51.69,24798.6399999998
-587.5,-6303.06,-0.04,-0.18,-51.68,-24746.9499999998,51.68,24746.9499999998
-587.54,-6303.24,0.03,-0.01,-51.5,-24695.2699999998,51.5,24695.2699999998
-587.51,-6303.25,0.04,-0.02,-51.49,-24643.7699999998,51.49,24643.7699999998
-587.47,-6303.27,0.04,-0.01,-51.47,-24592.2799999998,51.47,24592.2799999998
-587.43,-6303.28,0.04,-0.01,-51.46,-24540.8099999998,51.46,24540.8099999998
-587.39,-6303.29,-0.04,-0.18,-51.45,-24489.3499999998,51.45,24489.3499999998
-587.43,-6303.47,0.04,-0.02,-51.27,-24437.8999999998,51.27,24437.8999999998
-587.39,-6303.49,0.04,-0.01,-51.25,-24386.6299999998,51.25,24386.6299999998
-587.35,-6303.5,0.04,-0.01,-51.24,-24335.3799999998,51.24,24335.3799999998
-587.31,-6303.51,0.04,-0.02,-51.23,-24284.1399999998,51.23,24284.1399999998
-587.27,-6303.53,-0.05,-0.18,-51.21,-24232.9099999998,51.21,24232.9099999998
-587.32,-6303.71,0.04,-0.01,-51.03,-24181.6999999998,51.03,24181.6999999998
-587.28,-6303.72,0.04,-0.02,-51.02,-24130.6699999998,51.02,24130.6699999998
-587.24,-6303.74,0.04,-0.01,-51,-24079.6499999998,51,24079.6499999998
-587.2,-6303.75,0.04,-0.01,-50.99,-24028.6499999998,50.99,24028.6499999998
-587.16,-6303.76,-0.04,-0.19,-50.98,-23977.6599999998,50.98,23977.6599999998
-587.2,-6303.95,0.04,-0.01,-50.79,-23926.6799999998,50.79,23926.6799999998
-587.16,-6303.96,0.04,-0.01,-50.78,-23875.8899999998,50.78,23875.8899999998
-587.12,-6303.97,0.04,-0.02,-50.77,-23825.1099999998,50.77,23825.1099999998
-587.08,-6303.99,0.04,-0.01,-50.75,-23774.3399999998,50.75,23774.3399999998
-587.04,-6304,-0.05,-0.19,-50.74,-23723.5899999998,50.74,23723.5899999998
-587.09,-6304.19,0.04,-0.01,-50.55,-23672.8499999998,50.55,23672.8499999998
-587.05,-6304.2,0.04,-0.02,-50.54,-23622.2999999998,50.54,23622.2999999998
-587.01,-6304.22,0.04,-0.01,-50.52,-23571.7599999998,50.52,23571.7599999998
-586.97,-6304.23,0.05,-0.02,-50.51,-23521.2399999998,50.51,23521.2399999998
-586.92,-6304.25,-0.05,-0.18,-50.49,-23470.7299999998,50.49,23470.7299999998
-586.97,-6304.43,0.04,-0.01,-50.31,-23420.2399999998,50.31,23420.2399999998
-586.93,-6304.44,0.04,-0.02,-50.3,-23369.9299999998,50.3,23369.9299999998
-586.89,-6304.46,0.04,-0.02,-50.28,-23319.6299999998,50.28,23319.6299999998
-586.85,-6304.48,0.04,-0.01,-50.26,-23269.3499999998,50.26,23269.3499999998
-586.81,-6304.49,-0.05,-0.18,-50.25,-23219.0899999998,50.25,23219.0899999998
-586.86,-6304.67,0.04,-0.02,-50.07,-23168.8399999998,50.07,23168.8399999998
-586.82,-6304.69,0.04,-0.01,-50.05,-23118.7699999998,50.05,23118.7699999998
-586.78,-6304.7,0.05,-0.02,-50.04,-23068.7199999998,50.04,23068.7199999998
-586.73,-6304.72,0.04,-0.02,-50.02,-23018.6799999998,50.02,23018.6799999998
-586.69,-6304.74,-0.05,-0.18,-50,-22968.6599999998,50,22968.6599999998
-586.74,-6304.92,0.04,-0.02,-49.82,-22918.6599999998,49.82,22918.6599999998
-586.7,-6304.94,0.04,-0.01,-49.8,-22868.8399999998,49.8,22868.8399999998
-586.66,-6304.95,0.04,-0.02,-49.79,-22819.0399999998,49.79,22819.0399999998
-586.62,-6304.97,0.04,-0.02,-49.77,-22769.2499999998,49.77,22769.2499999998
-586.58,-6304.99,-0.05,-0.18,-49.75,-22719.4799999998,49.75,22719.4799999998
-586.63,-6305.17,0.04,-0.02,-49.57,-22669.7299999998,49.57,22669.7299999998
-586.59,-6305.19,0.04,-0.01,-49.55,-22620.1599999998,49.55,22620.1599999998
-586.55,-6305.2,0.04,-0.02,-49.54,-22570.6099999998,49.54,22570.6099999998
-586.51,-6305.22,0.05,-0.02,-49.52,-22521.0699999998,49.52,22521.0699999998
-586.46,-6305.24,-0.06,-0.18,-49.5,-22471.5499999998,49.5,22471.5499999998
-586.52,-6305.42,0.05,-0.02,-49.32,-22422.0499999998,49.32,22422.0499999998
-586.47,-6305.44,0.04,-0.02,-49.3,-22372.7299999998,49.3,22372.7299999998
-586.43,-6305.46,0.04,-0.01,-49.28,-22323.4299999998,49.28,22323.4299999998
-586.39,-6305.47,0.04,-0.02,-49.27,-22274.1499999998,49.27,22274.1499999998
-586.35,-6305.49,-0.05,-0.18,-49.25,-22224.8799999998,49.25,22224.8799999998
-586.4,-6305.67,0.04,-0.02,-49.07,-22175.6299999998,49.07,22175.6299999998
-586.36,-6305.69,0.04,-0.02,-49.05,-22126.5599999998,49.05,22126.5599999998
-586.32,-6305.71,0.04,-0.02,-49.03,-22077.5099999998,49.03,22077.5099999998
-586.28,-6305.73,0.04,-0.02,-49.01,-22028.4799999998,49.01,22028.4799999998
-586.24,-6305.75,-0.05,-0.18,-48.99,-21979.4699999998,48.99,21979.4699999998
-586.29,-6305.93,0.04,-0.01,-48.81,-21930.4799999998,48.81,21930.4799999998
-586.25,-6305.94,0.04,-0.02,-48.8,-21881.6699999998,48.8,21881.6699999998
-586.21,-6305.96,0.05,-0.02,-48.78,-21832.8699999998,48.78,21832.8699999998
-586.16,-6305.98,0.04,-0.02,-48.76,-21784.0899999998,48.76,21784.0899999998
-586.12,-6306,-0.06,-0.18,-48.74,-21735.3299999998,48.74,21735.3299999998
-586.18,-6306.18,0.04,-0.02,-48.56,-21686.5899999998,48.56,21686.5899999998
-586.14,-6306.2,0.05,-0.02,-48.54,-21638.0299999998,48.54,21638.0299999998
-586.09,-6306.22,0.04,-0.02,-48.52,-21589.4899999998,48.52,21589.4899999998
-586.05,-6306.24,0.04,-0.02,-48.5,-21540.9699999998,48.5,21540.9699999998
-586.01,-6306.26,-0.06,-0.18,-48.48,-21492.4699999998,48.48,21492.4699999998
-586.07,-6306.44,0.05,-0.02,-48.3,-21443.9899999998,48.3,21443.9899999998
-586.02,-6306.46,0.04,-0.02,-48.28,-21395.6899999998,48.28,21395.6899999998
-585.98,-6306.48,0.04,-0.01,-48.26,-21347.4099999998,48.26,21347.4099999998
-585.94,-6306.49,0.04,-0.02,-48.25,-21299.1499999998,48.25,21299.1499999998
-585.9,-6306.51,0.05,-0.02,-48.23,-21250.8999999998,48.23,21250.8999999998
-585.85,-6306.53,-0.07,-0.21,-48.21,-21202.6699999998,48.21,21202.6699999998
-585.92,-6306.74,0.05,-0.02,-48,-21154.4599999998,48,21154.4599999998
-585.87,-6306.76,0.04,-0.02,-47.98,-21106.4599999998,47.98,21106.4599999998
-585.83,-6306.78,0.04,-0.02,-47.96,-21058.4799999998,47.96,21058.4799999998
-585.79,-6306.8,-0.07,-0.28,-47.94,-21010.5199999998,47.94,21010.5199999998
-585.86,-6307.08,0.04,-0.02,-47.66,-20962.5799999998,47.66,20962.5799999998
-585.82,-6307.1,0.04,-0.02,-47.64,-20914.9199999998,47.64,20914.9199999998
-585.78,-6307.12,0.05,-0.02,-47.62,-20867.2799999998,47.62,20867.2799999998
-585.73,-6307.14,0.04,-0.02,-47.6,-20819.6599999998,47.6,20819.6599999998
-585.69,-6307.16,-0.03,-0.27,-47.58,-20772.0599999998,47.58,20772.0599999998
-585.72,-6307.43,0.04,-0.02,-47.31,-20724.4799999998,47.31,20724.4799999998
-585.68,-6307.45,0.05,-0.02,-47.29,-20677.1699999998,47.29,20677.1699999998
-585.63,-6307.47,0.04,-0.02,-47.27,-20629.8799999998,47.27,20629.8799999998
-585.59,-6307.49,0.04,-0.02,-47.25,-20582.6099999998,47.25,20582.6099999998
-585.55,-6307.51,-0.03,-0.26,-47.23,-20535.3599999998,47.23,20535.3599999998
-585.58,-6307.77,0.04,-0.02,-46.97,-20488.1299999998,46.97,20488.1299999998
-585.54,-6307.79,0.05,-0.02,-46.95,-20441.1599999998,46.95,20441.1599999998
-585.49,-6307.81,0.04,-0.02,-46.93,-20394.2099999998,46.93,20394.2099999998
-585.45,-6307.83,0.04,-0.02,-46.91,-20347.2799999998,46.91,20347.2799999998
-585.41,-6307.85,-0.08,-0.27,-46.89,-20300.3699999998,46.89,20300.3699999998
-585.49,-6308.12,0.05,-0.02,-46.62,-20253.4799999998,46.62,20253.4799999998
-585.44,-6308.14,0.04,-0.02,-46.6,-20206.8599999998,46.6,20206.8599999998
-585.4,-6308.16,0.05,-0.02,-46.58,-20160.2599999998,46.58,20160.2599999998
-585.35,-6308.18,0.04,-0.02,-46.56,-20113.6799999998,46.56,20113.6799999998
-585.31,-6308.2,-0.03,-0.25,-46.54,-20067.1199999998,46.54,20067.1199999998
-585.34,-6308.45,0.04,-0.02,-46.29,-20020.5799999998,46.29,20020.5799999998
-585.3,-6308.47,0.05,-0.02,-46.27,-19974.2899999998,46.27,19974.2899999998
-585.25,-6308.49,0.04,-0.02,-46.25,-19928.0199999998,46.25,19928.0199999998
-585.21,-6308.51,0.05,-0.02,-46.23,-19881.7699999998,46.23,19881.7699999998
-585.16,-6308.53,-0.04,-0.25,-46.21,-19835.5399999998,46.21,19835.5399999998
-585.2,-6308.78,0.04,-0.02,-45.96,-19789.3299999998,45.96,19789.3299999998
-585.16,-6308.8,0.05,-0.02,-45.94,-19743.3699999998,45.94,19743.3699999998
-585.11,-6308.82,0.04,-0.02,-45.92,-19697.4299999998,45.92,19697.4299999998
-585.07,-6308.84,0.05,-0.02,-45.9,-19651.5099999998,45.9,19651.5099999998
-585.02,-6308.86,-0.08,-0.25,-45.88,-19605.6099999998,45.88,19605.6099999998
-585.1,-6309.11,0.04,-0.02,-45.63,-19559.7299999998,45.63,19559.7299999998
-585.06,-6309.13,0.05,-0.02,-45.61,-19514.0999999998,45.61,19514.0999999998
-585.01,-6309.15,0.04,-0.02,-45.59,-19468.4899999998,45.59,19468.4899999998
-584.97,-6309.17,0.05,-0.02,-45.57,-19422.8999999998,45.57,19422.8999999998
-584.92,-6309.19,-0.09,-0.24,-45.55,-19377.3299999998,45.55,19377.3299999998
-585.01,-6309.43,0.05,-0.02,-45.31,-19331.7799999998,45.31,19331.7799999998
-584.96,-6309.45,0.04,-0.02,-45.29,-19286.4699999998,45.29,19286.4699999998
-584.92,-6309.47,0.05,-0.02,-45.27,-19241.1799999998,45.27,19241.1799999998
-584.87,-6309.49,0.04,-0.02,-45.25,-19195.9099999998,45.25,19195.9099999998
-584.83,-6309.51,-0.08,-0.24,-45.23,-19150.6599999998,45.23,19150.6599999998
-584.91,-6309.75,0.05,-0.02,-44.99,-19105.4299999998,44.99,19105.4299999998
-584.86,-6309.77,0.04,-0.02,-44.97,-19060.4399999998,44.97,19060.4399999998
-584.82,-6309.79,0.05,-0.03,-44.95,-19015.4699999998,44.95,19015.4699999998
-584.77,-6309.82,0.04,-0.02,-44.92,-18970.5199999998,44.92,18970.5199999998
-584.73,-6309.84,-0.08,-0.23,-44.9,-18925.5999999998,44.9,18925.5999999998
-584.81,-6310.07,0.04,-0.02,-44.67,-18880.6999999998,44.67,18880.6999999998
-584.77,-6310.09,0.05,-0.02,-44.65,-18836.0299999998,44.65,18836.0299999998
-584.72,-6310.11,0.04,-0.02,-44.63,-18791.3799999998,44.63,18791.3799999998
-584.68,-6310.13,0.05,-0.03,-44.61,-18746.7499999998,44.61,18746.7499999998
-584.63,-6310.16,-0.09,-0.23,-44.58,-18702.1399999998,44.58,18702.1399999998
-584.72,-6310.39,0.05,-0.02,-44.35,-18657.5599999998,44.35,18657.5599999998
-584.67,-6310.41,0.04,-0.02,-44.33,-18613.2099999998,44.33,18613.2099999998
-584.63,-6310.43,0.05,-0.02,-44.31,-18568.8799999998,44.31,18568.8799999998
-584.58,-6310.45,0.05,-0.02,-44.29,-18524.5699999998,44.29,18524.5699999998
-584.53,-6310.47,-0.05,-0.23,-44.27,-18480.2799999998,44.27,18480.2799999998
-584.58,-6310.7,0.05,-0.02,-44.04,-18436.0099999998,44.04,18436.0099999998
-584.53,-6310.72,0.04,-0.02,-44.02,-18391.9699999998,44.02,18391.9699999998
-584.49,-6310.74,0.05,-0.02,-44,-18347.9499999998,44,18347.9499999998
-584.44,-6310.76,0.04,-0.03,-43.98,-18303.9499999998,43.98,18303.9499999998
-584.4,-6310.79,-0.04,-0.22,-43.95,-18259.9699999998,43.95,18259.9699999998
-584.44,-6311.01,0.04,-0.02,-43.73,-18216.0199999998,43.73,18216.0199999998
-584.4,-6311.03,0.05,-0.03,-43.71,-18172.2899999998,43.71,18172.2899999998
-584.35,-6311.06,0.04,-0.02,-43.68,-18128.5799999998,43.68,18128.5799999998
-584.31,-6311.08,0.04,-0.02,-43.66,-18084.8999999998,43.66,18084.8999999998
-584.27,-6311.1,-0.05,-0.23,-43.64,-18041.2399999998,43.64,18041.2399999998
-584.32,-6311.33,0.05,-0.02,-43.41,-17997.5999999998,43.41,17997.5999999998
-584.27,-6311.35,0.04,-0.03,-43.39,-17954.1899999998,43.39,17954.1899999998
-584.23,-6311.38,0.04,-0.02,-43.36,-17910.7999999998,43.36,17910.7999999998
-584.19,-6311.4,0.04,-0.03,-43.34,-17867.4399999998,43.34,17867.4399999998
-584.15,-6311.43,-0.05,-0.22,-43.31,-17824.0999999998,43.31,17824.0999999998
-584.2,-6311.65,0.04,-0.02,-43.09,-17780.7899999998,43.09,17780.7899999998
-584.16,-6311.67,0.04,-0.03,-43.07,-17737.6999999998,43.07,17737.6999999998
-584.12,-6311.7,0.04,-0.02,-43.04,-17694.6299999998,43.04,17694.6299999998
-584.08,-6311.72,0.04,-0.03,-43.02,-17651.5899999998,43.02,17651.5899999998
-584.04,-6311.75,-0.05,-0.22,-42.99,-17608.5699999998,42.99,17608.5699999998
-584.09,-6311.97,0.04,-0.02,-42.77,-17565.5799999998,42.77,17565.5799999998
-584.05,-6311.99,0.04,-0.03,-42.75,-17522.8099999998,42.75,17522.8099999998
-584.01,-6312.02,0.04,-0.03,-42.72,-17480.0599999998,42.72,17480.0599999998
-583.97,-6312.05,0.04,-0.02,-42.69,-17437.3399999998,42.69,17437.3399999998
-583.93,-6312.07,-0.06,-0.22,-42.67,-17394.6499999998,42.67,17394.6499999998
-583.99,-6312.29,0.04,-0.03,-42.45,-17351.9799999998,42.45,17351.9799999998
-583.95,-6312.32,0.04,-0.02,-42.42,-17309.5299999998,42.42,17309.5299999998
-583.91,-6312.34,0.04,-0.03,-42.4,-17267.1099999998,42.4,17267.1099999998
-583.87,-6312.37,0.04,-0.03,-42.37,-17224.7099999998,42.37,17224.7099999998
-583.83,-6312.4,-0.06,-0.21,-42.34,-17182.3399999998,42.34,17182.3399999998
-583.89,-6312.61,0.03,-0.03,-42.13,-17139.9999999998,42.13,17139.9999999998
-583.86,-6312.64,0.04,-0.03,-42.1,-17097.8699999998,42.1,17097.8699999998
-583.82,-6312.67,0.04,-0.03,-42.07,-17055.7699999998,42.07,17055.7699999998
-583.78,-6312.7,0.03,-0.03,-42.04,-17013.6999999998,42.04,17013.6999999998
-583.75,-6312.73,-0.06,-0.21,-42.01,-16971.6599999998,42.01,16971.6599999998
-583.81,-6312.94,0.04,-0.02,-41.8,-16929.6499999998,41.8,16929.6499999998
-583.77,-6312.96,0.03,-0.03,-41.78,-16887.8499999998,41.78,16887.8499999998
-583.74,-6312.99,0.04,-0.03,-41.75,-16846.0699999998,41.75,16846.0699999998
-583.7,-6313.02,0.04,-0.03,-41.72,-16804.3199999998,41.72,16804.3199999998
-583.66,-6313.05,0.03,-0.03,-41.69,-16762.5999999998,41.69,16762.5999999998
-583.63,-6313.08,-0.06,-0.21,-41.66,-16720.9099999998,41.66,16720.9099999998
-583.69,-6313.29,0.03,-0.03,-41.45,-16679.2499999998,41.45,16679.2499999998
-583.66,-6313.32,0.03,-0.03,-41.42,-16637.7999999998,41.42,16637.7999999998
-583.63,-6313.35,0.04,-0.03,-41.39,-16596.3799999998,41.39,16596.3799999998
-583.59,-6313.38,-0.01,-0.2,-41.36,-16554.9899999998,41.36,16554.9899999998
-583.6,-6313.58,0.04,-0.03,-41.16,-16513.6299999998,41.16,16513.6299999998
-583.56,-6313.61,0.03,-0.04,-41.13,-16472.4699999998,41.13,16472.4699999998
-583.53,-6313.65,0.03,-0.03,-41.09,-16431.3399999998,41.09,16431.3399999998
-583.5,-6313.68,0.04,-0.03,-41.06,-16390.2499999998,41.06,16390.2499999998
-583.46,-6313.71,-0.07,-0.2,-41.03,-16349.1899999998,41.03,16349.1899999998
-583.53,-6313.91,0.03,-0.03,-40.83,-16308.1599999998,40.83,16308.1599999998
-583.5,-6313.94,0.03,-0.03,-40.8,-16267.3299999998,40.8,16267.3299999998
-583.47,-6313.97,0.04,-0.03,-40.77,-16226.5299999998,40.77,16226.5299999998
-583.43,-6314,0.03,-0.03,-40.74,-16185.7599999998,40.74,16185.7599999998
-583.4,-6314.03,-0.07,-0.21,-40.71,-16145.0199999998,40.71,16145.0199999998
-583.47,-6314.24,0.03,-0.03,-40.5,-16104.3099999998,40.5,16104.3099999998
-583.44,-6314.27,0.03,-0.03,-40.47,-16063.8099999998,40.47,16063.8099999998
-583.41,-6314.3,0.03,-0.03,-40.44,-16023.3399999998,40.44,16023.3399999998
-583.38,-6314.33,0.04,-0.03,-40.41,-15982.8999999998,40.41,15982.8999999998
-583.34,-6314.36,-0.08,-0.2,-40.38,-15942.4899999998,40.38,15942.4899999998
-583.42,-6314.56,0.03,-0.03,-40.18,-15902.1099999998,40.18,15902.1099999998
-583.39,-6314.59,0.03,-0.03,-40.15,-15861.9299999998,40.15,15861.9299999998
-583.36,-6314.62,0.03,-0.04,-40.12,-15821.7799999998,40.12,15821.7799999998
-583.33,-6314.66,0.03,-0.03,-40.08,-15781.6599999998,40.08,15781.6599999998
-583.3,-6314.69,-0.07,-0.19,-40.05,-15741.5799999998,40.05,15741.5799999998
-583.37,-6314.88,0.03,-0.03,-39.86,-15701.5299999998,39.86,15701.5299999998
-583.34,-6314.91,0.03,-0.04,-39.83,-15661.6699999998,39.83,15661.6699999998
-583.31,-6314.95,0.03,-0.03,-39.79,-15621.8399999998,39.79,15621.8399999998
-583.28,-6314.98,0.03,-0.03,-39.76,-15582.0499999998,39.76,15582.0499999998
-583.25,-6315.01,-0.08,-0.19,-39.73,-15542.2899999998,39.73,15542.2899999998
-583.33,-6315.2,0.03,-0.03,-39.54,-15502.5599999998,39.54,15502.5599999998
-583.3,-6315.23,0.02,-0.04,-39.51,-15463.0199999998,39.51,15463.0199999998
-583.28,-6315.27,0.03,-0.03,-39.47,-15423.5099999998,39.47,15423.5099999998
-583.25,-6315.3,0.03,-0.03,-39.44,-15384.0399999998,39.44,15384.0399999998
-583.22,-6315.33,-0.08,-0.19,-39.41,-15344.5999999998,39.41,15344.5999999998
-583.3,-6315.52,0.03,-0.03,-39.22,-15305.1899999998,39.22,15305.1899999998
-583.27,-6315.55,0.03,-0.04,-39.19,-15265.9699999998,39.19,15265.9699999998
-583.24,-6315.59,0.02,-0.03,-39.15,-15226.7799999998,39.15,15226.7799999998
-583.22,-6315.62,0.03,-0.03,-39.12,-15187.6299999998,39.12,15187.6299999998
-583.19,-6315.65,-0.01,-0.19,-39.09,-15148.5099999998,39.09,15148.5099999998
-583.2,-6315.84,0.02,-0.03,-38.9,-15109.4199999998,38.9,15109.4199999998
-583.18,-6315.87,0.03,-0.03,-38.87,-15070.5199999998,38.87,15070.5199999998
-583.15,-6315.9,0.03,-0.04,-38.84,-15031.6499999998,38.84,15031.6499999998
-583.12,-6315.94,0.02,-0.03,-38.8,-14992.8099999998,38.8,14992.8099999998
-583.1,-6315.97,-0.09,-0.19,-38.77,-14954.0099999998,38.77,14954.0099999998
-583.19,-6316.16,0.03,-0.03,-38.58,-14915.2399999998,38.58,14915.2399999998
-583.16,-6316.19,0.02,-0.04,-38.55,-14876.6599999998,38.55,14876.6599999998
-583.14,-6316.23,0.03,-0.03,-38.51,-14838.1099999998,38.51,14838.1099999998
-583.11,-6316.26,0.03,-0.03,-38.48,-14799.5999999998,38.48,14799.5999999998
-583.08,-6316.29,-0.1,-0.19,-38.45,-14761.1199999998,38.45,14761.1199999998
-583.18,-6316.48,0.03,-0.03,-38.26,-14722.6699999998,38.26,14722.6699999998
-583.15,-6316.51,0.02,-0.03,-38.23,-14684.4099999998,38.23,14684.4099999998
-583.13,-6316.54,0.03,-0.04,-38.2,-14646.1799999998,38.2,14646.1799999998
-583.1,-6316.58,0.02,-0.03,-38.16,-14607.9799999998,38.16,14607.9799999998
-583.08,-6316.61,-0.09,-0.18,-38.13,-14569.8199999998,38.13,14569.8199999998
-583.17,-6316.79,0.02,-0.04,-37.95,-14531.6899999998,37.95,14531.6899999998
-583.15,-6316.83,0.02,-0.03,-37.91,-14493.7399999998,37.91,14493.7399999998
-583.13,-6316.86,0.03,-0.04,-37.88,-14455.8299999998,37.88,14455.8299999998
-583.1,-6316.9,0.02,-0.03,-37.84,-14417.9499999998,37.84,14417.9499999998
-583.08,-6316.93,-0.09,-0.18,-37.81,-14380.1099999998,37.81,14380.1099999998
-583.17,-6317.11,0.02,-0.03,-37.63,-14342.2999999998,37.63,14342.2999999998
-583.15,-6317.14,0.02,-0.04,-37.6,-14304.6699999998,37.6,14304.6699999998
-583.13,-6317.18,0.03,-0.03,-37.56,-14267.0699999998,37.56,14267.0699999998
-583.1,-6317.21,0.02,-0.04,-37.53,-14229.5099999998,37.53,14229.5099999998
-583.08,-6317.25,-0.03,-0.17,-37.49,-14191.9799999998,37.49,14191.9799999998
-583.11,-6317.42,0.02,-0.04,-37.32,-14154.4899999998,37.32,14154.4899999998
-583.09,-6317.46,0.02,-0.03,-37.28,-14117.1699999998,37.28,14117.1699999998
-583.07,-6317.49,0.03,-0.04,-37.25,-14079.8899999998,37.25,14079.8899999998
-583.04,-6317.53,0.02,-0.03,-37.21,-14042.6399999998,37.21,14042.6399999998
-583.02,-6317.56,-0.03,-0.18,-37.18,-14005.4299999998,37.18,14005.4299999998
-583.05,-6317.74,0.02,-0.03,-37,-13968.2499999998,37,13968.2499999998
-583.03,-6317.77,0.02,-0.04,-36.97,-13931.2499999998,36.97,13931.2499999998
-583.01,-6317.81,0.03,-0.03,-36.93,-13894.2799999998,36.93,13894.2799999998
-582.98,-6317.84,0.02,-0.04,-36.9,-13857.3499999998,36.9,13857.3499999998
-582.96,-6317.88,-0.03,-0.17,-36.86,-13820.4499999998,36.86,13820.4499999998
-582.99,-6318.05,0.02,-0.03,-36.69,-13783.5899999998,36.69,13783.5899999998
-582.97,-6318.08,0.02,-0.04,-36.66,-13746.8999999998,36.66,13746.8999999998
-582.95,-6318.12,0.02,-0.03,-36.62,-13710.2399999998,36.62,13710.2399999998
-582.93,-6318.15,0.02,-0.04,-36.59,-13673.6199999998,36.59,13673.6199999998
-582.91,-6318.19,-0.03,-0.17,-36.55,-13637.0299999998,36.55,13637.0299999998
-582.94,-6318.36,0.02,-0.03,-36.38,-13600.4799999998,36.38,13600.4799999998
-582.92,-6318.39,0.02,-0.04,-36.35,-13564.0999999998,36.35,13564.0999999998
-582.9,-6318.43,0.02,-0.03,-36.31,-13527.7499999998,36.31,13527.7499999998
-582.88,-6318.46,0.02,-0.04,-36.28,-13491.4399999998,36.28,13491.4399999998
-582.86,-6318.5,-0.02,-0.16,-36.24,-13455.1599999998,36.24,13455.1599999998
-582.88,-6318.66,0.02,-0.04,-36.08,-13418.9199999998,36.08,13418.9199999998
-582.86,-6318.7,0.02,-0.03,-36.04,-13382.8399999998,36.04,13382.8399999998
-582.84,-6318.73,0.02,-0.04,-36.01,-13346.7999999998,36.01,13346.7999999998
-582.82,-6318.77,0.02,-0.03,-35.97,-13310.7899999998,35.97,13310.7899999998
-582.8,-6318.8,-0.03,-0.17,-35.94,-13274.8199999998,35.94,13274.8199999998
-582.83,-6318.97,0.02,-0.04,-35.77,-13238.8799999998,35.77,13238.8799999998
-582.81,-6319.01,0.02,-0.03,-35.73,-13203.1099999998,35.73,13203.1099999998
-582.79,-6319.04,0.02,-0.04,-35.7,-13167.3799999998,35.7,13167.3799999998
-582.77,-6319.08,0.02,-0.03,-35.66,-13131.6799999998,35.66,13131.6799999998
-582.75,-6319.11,-0.03,-0.17,-35.63,-13096.0199999998,35.63,13096.0199999998
-582.78,-6319.28,0.02,-0.03,-35.46,-13060.3899999998,35.46,13060.3899999998
-582.76,-6319.31,0.02,-0.04,-35.43,-13024.9299999998,35.43,13024.9299999998
-582.74,-6319.35,0.02,-0.03,-35.39,-12989.4999999998,35.39,12989.4999999998
-582.72,-6319.38,0.02,-0.04,-35.36,-12954.1099999998,35.36,12954.1099999998
-582.7,-6319.42,0.02,-0.03,-35.32,-12918.7499999998,35.32,12918.7499999998
-582.68,-6319.45,-0.03,-0.16,-35.29,-12883.4299999998,35.29,12883.4299999998
-582.71,-6319.61,0.02,-0.04,-35.13,-12848.1399999998,35.13,12848.1399999998
-582.69,-6319.65,0.02,-0.04,-35.09,-12813.0099999998,35.09,12813.0099999998
-582.67,-6319.69,0.02,-0.03,-35.05,-12777.9199999998,35.05,12777.9199999998
-582.65,-6319.72,-0.04,-0.16,-35.02,-12742.8699999998,35.02,12742.8699999998
-582.69,-6319.88,0.02,-0.04,-34.86,-12707.8499999998,34.86,12707.8499999998
-582.67,-6319.92,0.02,-0.03,-34.82,-12672.9899999998,34.82,12672.9899999998
-582.65,-6319.95,0.02,-0.04,-34.79,-12638.1699999998,34.79,12638.1699999998
-582.63,-6319.99,0.02,-0.03,-34.75,-12603.3799999998,34.75,12603.3799999998
-582.61,-6320.02,-0.04,-0.16,-34.72,-12568.6299999998,34.72,12568.6299999998
-582.65,-6320.18,0.02,-0.04,-34.56,-12533.9099999998,34.56,12533.9099999998
-582.63,-6320.22,0.02,-0.03,-34.52,-12499.3499999998,34.52,12499.3499999998
-582.61,-6320.25,0.02,-0.04,-34.49,-12464.8299999998,34.49,12464.8299999998
-582.59,-6320.29,0.02,-0.03,-34.45,-12430.3399999998,34.45,12430.3399999998
-582.57,-6320.32,-0.04,-0.16,-34.42,-12395.8899999998,34.42,12395.8899999998
-582.61,-6320.48,0.02,-0.04,-34.26,-12361.4699999998,34.26,12361.4699999998
-582.59,-6320.52,0.02,-0.03,-34.22,-12327.2099999998,34.22,12327.2099999998
-582.57,-6320.55,0.02,-0.04,-34.19,-12292.9899999998,34.19,12292.9899999998
-582.55,-6320.59,0.02,-0.03,-34.15,-12258.7999999998,34.15,12258.7999999998
-582.53,-6320.62,-0.04,-0.16,-34.12,-12224.6499999998,34.12,12224.6499999998
-582.57,-6320.78,0.02,-0.03,-33.96,-12190.5299999998,33.96,12190.5299999998
-582.55,-6320.81,0.01,-0.04,-33.93,-12156.5699999998,33.93,12156.5699999998
-582.54,-6320.85,0.02,-0.03,-33.89,-12122.6399999998,33.89,12122.6399999998
-582.52,-6320.88,0.02,-0.04,-33.86,-12088.7499999998,33.86,12088.7499999998
-582.5,-6320.92,-0.04,-0.15,-33.82,-12054.8899999998,33.82,12054.8899999998
-582.54,-6321.07,0.01,-0.04,-33.67,-12021.0699999998,33.67,12021.0699999998
-582.53,-6321.11,0.02,-0.03,-33.63,-11987.3999999998,33.63,11987.3999999998
-582.51,-6321.14,0.02,-0.04,-33.6,-11953.7699999998,33.6,11953.7699999998
-582.49,-6321.18,0.02,-0.04,-33.56,-11920.1699999998,33.56,11920.1699999998
-582.47,-6321.22,-0.05,-0.15,-33.52,-11886.6099999998,33.52,11886.6099999998
-582.52,-6321.37,0.02,-0.03,-33.37,-11853.0899999998,33.37,11853.0899999998
-582.5,-6321.4,0.02,-0.04,-33.34,-11819.7199999998,33.34,11819.7199999998
-582.48,-6321.44,0.01,-0.03,-33.3,-11786.3799999998,33.3,11786.3799999998
-582.47,-6321.47,0.02,-0.04,-33.27,-11753.0799999998,33.27,11753.0799999998
-582.45,-6321.51,-0.05,-0.15,-33.23,-11719.8099999998,33.23,11719.8099999998
-582.5,-6321.66,0.02,-0.03,-33.08,-11686.5799999998,33.08,11686.5799999998
-582.48,-6321.69,0.02,-0.04,-33.05,-11653.4999999998,33.05,11653.4999999998
-582.46,-6321.73,0.01,-0.04,-33.01,-11620.4499999998,33.01,11620.4499999998
-582.45,-6321.77,0.02,-0.03,-32.97,-11587.4399999998,32.97,11587.4399999998
-582.43,-6321.8,-0.05,-0.15,-32.94,-11554.4699999998,32.94,11554.4699999998
-582.48,-6321.95,0.02,-0.04,-32.79,-11521.5299999998,32.79,11521.5299999998
-582.46,-6321.99,0.02,-0.03,-32.75,-11488.7399999998,32.75,11488.7399999998
-582.44,-6322.02,0.01,-0.04,-32.72,-11455.9899999998,32.72,11455.9899999998
-582.43,-6322.06,0.02,-0.04,-32.68,-11423.2699999998,32.68,11423.2699999998
-582.41,-6322.1,-0.05,-0.14,-32.64,-11390.5899999998,32.64,11390.5899999998
-582.46,-6322.24,0.02,-0.04,-32.5,-11357.9499999998,32.5,11357.9499999998
-582.44,-6322.28,0.01,-0.03,-32.46,-11325.4499999998,32.46,11325.4499999998
-582.43,-6322.31,0.02,-0.04,-32.43,-11292.9899999999,32.43,11292.9899999999
-582.41,-6322.35,0.01,-0.04,-32.39,-11260.5599999998,32.39,11260.5599999998
-582.4,-6322.39,-0.05,-0.14,-32.35,-11228.1699999998,32.35,11228.1699999998
-582.45,-6322.53,0.02,-0.03,-32.21,-11195.8199999999,32.21,11195.8199999999
-582.43,-6322.56,0.01,-0.04,-32.18,-11163.6099999999,32.18,11163.6099999999
-582.42,-6322.6,0.02,-0.04,-32.14,-11131.4299999999,32.14,11131.4299999999
-582.4,-6322.64,0.01,-0.04,-32.1,-11099.2899999999,32.1,11099.2899999999
-582.39,-6322.68,-0.05,-0.13,-32.06,-11067.1899999999,32.06,11067.1899999999
-582.44,-6322.81,0.02,-0.04,-31.93,-11035.1299999999,31.93,11035.1299999999
-582.42,-6322.85,0.01,-0.04,-31.89,-11003.1999999999,31.89,11003.1999999999
-582.41,-6322.89,0.02,-0.04,-31.85,-10971.3099999999,31.85,10971.3099999999
-582.39,-6322.93,0.01,-0.03,-31.81,-10939.4599999999,31.81,10939.4599999999
-582.38,-6322.96,-0.05,-0.14,-31.78,-10907.6499999999,31.78,10907.6499999999
-582.43,-6323.1,0.02,-0.04,-31.64,-10875.8699999999,31.64,10875.8699999999
-582.41,-6323.14,0.01,-0.03,-31.6,-10844.2299999999,31.6,10844.2299999999
-582.4,-6323.17,0.02,-0.04,-31.57,-10812.6299999999,31.57,10812.6299999999
-582.38,-6323.21,0.01,-0.04,-31.53,-10781.0599999999,31.53,10781.0599999999
-582.37,-6323.25,-0.05,-0.13,-31.49,-10749.5299999999,31.49,10749.5299999999
-582.42,-6323.38,0.02,-0.04,-31.36,-10718.0399999999,31.36,10718.0399999999
-582.4,-6323.42,0.01,-0.04,-31.32,-10686.6799999999,31.32,10686.6799999999
-582.39,-6323.46,0.01,-0.03,-31.28,-10655.3599999999,31.28,10655.3599999999
-582.38,-6323.49,0.02,-0.04,-31.25,-10624.0799999999,31.25,10624.0799999999
-582.36,-6323.53,-0.06,-0.13,-31.21,-10592.8299999999,31.21,10592.8299999999
-582.42,-6323.66,0.02,-0.04,-31.08,-10561.6199999999,31.08,10561.6199999999
-582.4,-6323.7,0.01,-0.04,-31.04,-10530.5399999999,31.04,10530.5399999999
-582.39,-6323.74,0.01,-0.04,-31,-10499.4999999999,31,10499.4999999999
-582.38,-6323.78,0.02,-0.03,-30.96,-10468.4999999999,30.96,10468.4999999999
-582.36,-6323.81,-0.06,-0.13,-30.93,-10437.5399999999,30.93,10437.5399999999
-582.42,-6323.94,0.01,-0.04,-30.8,-10406.6099999999,30.8,10406.6099999999
-582.41,-6323.98,0.02,-0.04,-30.76,-10375.8099999999,30.76,10375.8099999999
-582.39,-6324.02,0.01,-0.04,-30.72,-10345.0499999999,30.72,10345.0499999999
-582.38,-6324.06,0.01,-0.03,-30.68,-10314.3299999999,30.68,10314.3299999999
-582.37,-6324.09,-0.05,-0.13,-30.65,-10283.6499999999,30.65,10283.6499999999
-582.42,-6324.22,0.01,-0.04,-30.52,-10252.9999999999,30.52,10252.9999999999
-582.41,-6324.26,0.01,-0.04,-30.48,-10222.4799999999,30.48,10222.4799999999
-582.4,-6324.3,0.01,-0.04,-30.44,-10191.9999999999,30.44,10191.9999999999
-582.39,-6324.34,0.01,-0.03,-30.4,-10161.5599999999,30.4,10161.5599999999
-582.38,-6324.37,-0.05,-0.13,-30.37,-10131.1599999999,30.37,10131.1599999999
-582.43,-6324.5,0.01,-0.04,-30.24,-10100.7899999999,30.24,10100.7899999999
-582.42,-6324.54,0.01,-0.04,-30.2,-10070.5499999999,30.2,10070.5499999999
-582.41,-6324.58,0.01,-0.03,-30.16,-10040.3499999999,30.16,10040.3499999999
-582.4,-6324.61,0.01,-0.04,-30.13,-10010.1899999999,30.13,10010.1899999999
-582.39,-6324.65,-0.05,-0.13,-30.09,-9980.0599999999,30.09,9980.0599999999
-582.44,-6324.78,0.01,-0.03,-29.96,-9949.9699999999,29.96,9949.9699999999
-582.43,-6324.81,0.01,-0.04,-29.93,-9920.0099999999,29.93,9920.0099999999
-582.42,-6324.85,0.01,-0.04,-29.89,-9890.0799999999,29.89,9890.0799999999
-582.41,-6324.89,0.01,-0.04,-29.85,-9860.1899999999,29.85,9860.1899999999
-582.4,-6324.93,-0.06,-0.12,-29.81,-9830.3399999999,29.81,9830.3399999999
-582.46,-6325.05,0.01,-0.04,-29.69,-9800.5299999999,29.69,9800.5299999999
-582.45,-6325.09,0.01,-0.04,-29.65,-9770.8399999999,29.65,9770.8399999999
-582.44,-6325.13,0.01,-0.03,-29.61,-9741.1899999999,29.61,9741.1899999999
-582.43,-6325.16,0.02,-0.04,-29.58,-9711.5799999999,29.58,9711.5799999999
-582.41,-6325.2,0.01,-0.04,-29.54,-9681.9999999999,29.54,9681.9999999999
-582.4,-6325.24,-0.07,-0.12,-29.5,-9652.4599999999,29.5,9652.4599999999
-582.47,-6325.36,0.01,-0.04,-29.38,-9622.9599999999,29.38,9622.9599999999
-582.46,-6325.4,0.01,-0.03,-29.34,-9593.5799999999,29.34,9593.5799999999
-582.45,-6325.43,0.01,-0.04,-29.31,-9564.2399999999,29.31,9564.2399999999
-582.44,-6325.47,-0.12,-0.12,-29.27,-9534.9299999999,29.27,9534.9299999999
-582.56,-6325.59,0.01,-0.04,-29.15,-9505.6599999999,29.15,9505.6599999999
-582.55,-6325.63,0.01,-0.04,-29.11,-9476.5099999999,29.11,9476.5099999999
-582.54,-6325.67,0.01,-0.04,-29.07,-9447.3999999999,29.07,9447.3999999999
-582.53,-6325.71,0.01,-0.03,-29.03,-9418.3299999999,29.03,9418.3299999999
-582.52,-6325.74,-0.16,-0.13,-29,-9389.2999999999,29,9389.2999999999
-582.68,-6325.87,0.01,-0.03,-28.87,-9360.2999999999,28.87,9360.2999999999
-582.67,-6325.9,0.01,-0.04,-28.84,-9331.4299999999,28.84,9331.4299999999
-582.66,-6325.94,0.01,-0.04,-28.8,-9302.5899999999,28.8,9302.5899999999
-582.65,-6325.98,0.01,-0.04,-28.76,-9273.7899999999,28.76,9273.7899999999
-582.64,-6326.02,-0.06,-0.11,-28.72,-9245.0299999999,28.72,9245.0299999999
-582.7,-6326.13,0.01,-0.04,-28.61,-9216.3099999999,28.61,9216.3099999999
-582.69,-6326.17,0.01,-0.04,-28.57,-9187.6999999999,28.57,9187.6999999999
-582.68,-6326.21,0.01,-0.04,-28.53,-9159.1299999999,28.53,9159.1299999999
-582.67,-6326.25,0.01,-0.03,-28.49,-9130.5999999999,28.49,9130.5999999999
-582.66,-6326.28,-0.06,-0.12,-28.46,-9102.1099999999,28.46,9102.1099999999
-582.72,-6326.4,0.01,-0.04,-28.34,-9073.6499999999,28.34,9073.6499999999
-582.71,-6326.44,0,-0.03,-28.3,-9045.3099999999,28.3,9045.3099999999
-582.71,-6326.47,0.01,-0.04,-28.27,-9017.0099999999,28.27,9017.0099999999
-582.7,-6326.51,0.01,-0.04,-28.23,-8988.7399999999,28.23,8988.7399999999
-582.69,-6326.55,-0.15,-0.11,-28.19,-8960.5099999999,28.19,8960.5099999999
-582.84,-6326.66,0,-0.04,-28.08,-8932.3199999999,28.08,8932.3199999999
-582.84,-6326.7,0.01,-0.04,-28.04,-8904.2399999999,28.04,8904.2399999999
-582.83,-6326.74,0.01,-0.04,-28,-8876.1999999999,28,8876.1999999999
-582.82,-6326.78,0.01,-0.03,-27.96,-8848.1999999999,27.96,8848.1999999999
-582.81,-6326.81,-0.07,-0.12,-27.93,-8820.2399999999,27.93,8820.2399999999
-582.88,-6326.93,0.01,-0.03,-27.81,-8792.3099999999,27.81,8792.3099999999
-582.87,-6326.96,0.01,-0.04,-27.78,-8764.4999999999,27.78,8764.4999999999
-582.86,-6327,0.01,-0.04,-27.74,-8736.7199999999,27.74,8736.7199999999
-582.85,-6327.04,0,-0.04,-27.7,-8708.9799999999,27.7,8708.9799999999
-582.85,-6327.08,-0.15,-0.11,-27.66,-8681.2799999999,27.66,8681.2799999999
-583,-6327.19,0.01,-0.04,-27.55,-8653.6199999999,27.55,8653.6199999999
-582.99,-6327.23,0,-0.03,-27.51,-8626.0699999999,27.51,8626.0699999999
-582.99,-6327.26,0.01,-0.04,-27.48,-8598.5599999999,27.48,8598.5599999999
-582.98,-6327.3,0.01,-0.04,-27.44,-8571.0799999999,27.44,8571.0799999999
-582.97,-6327.34,-0.16,-0.11,-27.4,-8543.6399999999,27.4,8543.6399999999
-583.13,-6327.45,0.01,-0.03,-27.29,-8516.2399999999,27.29,8516.2399999999
-583.12,-6327.48,0,-0.04,-27.26,-8488.9499999999,27.26,8488.9499999999
-583.12,-6327.52,0.01,-0.04,-27.22,-8461.6899999999,27.22,8461.6899999999
-583.11,-6327.56,0,-0.04,-27.18,-8434.4699999999,27.18,8434.4699999999
-583.11,-6327.6,-0.16,-0.1,-27.14,-8407.2899999999,27.14,8407.2899999999
-583.27,-6327.7,0.01,-0.04,-27.04,-8380.1499999999,27.04,8380.1499999999
-583.26,-6327.74,0,-0.04,-27,-8353.1099999999,27,8353.1099999999
-583.26,-6327.78,0.01,-0.04,-26.96,-8326.1099999999,26.96,8326.1099999999
-583.25,-6327.82,0.01,-0.03,-26.92,-8299.1499999999,26.92,8299.1499999999
-583.24,-6327.85,-0.16,-0.11,-26.89,-8272.2299999999,26.89,8272.2299999999
-583.4,-6327.96,0,-0.04,-26.78,-8245.3399999999,26.78,8245.3399999999
-583.4,-6328,0.01,-0.03,-26.74,-8218.5599999999,26.74,8218.5599999999
-583.39,-6328.03,0,-0.04,-26.71,-8191.8199999999,26.71,8191.8199999999
-583.39,-6328.07,0,-0.04,-26.67,-8165.1099999999,26.67,8165.1099999999
-583.39,-6328.11,-0.16,-0.1,-26.63,-8138.4399999999,26.63,8138.4399999999
-583.55,-6328.21,0.01,-0.04,-26.53,-8111.8099999999,26.53,8111.8099999999
-583.54,-6328.25,0,-0.04,-26.49,-8085.2799999999,26.49,8085.2799999999
-583.54,-6328.29,0.01,-0.04,-26.45,-8058.7899999999,26.45,8058.7899999999
-583.53,-6328.33,0,-0.03,-26.41,-8032.3399999999,26.41,8032.3399999999
-583.53,-6328.36,-0.15,-0.11,-26.38,-8005.9299999999,26.38,8005.9299999999
-583.68,-6328.47,0,-0.03,-26.27,-7979.5499999999,26.27,7979.5499999999
-583.68,-6328.5,0,-0.04,-26.24,-7953.2799999999,26.24,7953.2799999999
-583.68,-6328.54,0.01,-0.04,-26.2,-7927.0399999999,26.2,7927.0399999999
-583.67,-6328.58,0,-0.04,-26.16,-7900.8399999999,26.16,7900.8399999999
-583.67,-6328.62,-0.15,-0.1,-26.12,-7874.6799999999,26.12,7874.6799999999
-583.82,-6328.72,0,-0.04,-26.02,-7848.5599999999,26.02,7848.5599999999
-583.82,-6328.76,0,-0.03,-25.98,-7822.5399999999,25.98,7822.5399999999
-583.82,-6328.79,0.01,-0.04,-25.95,-7796.5599999999,25.95,7796.5599999999
-583.81,-6328.83,0,-0.04,-25.91,-7770.6099999999,25.91,7770.6099999999
-583.81,-6328.87,-0.16,-0.1,-25.87,-7744.6999999999,25.87,7744.6999999999
-583.97,-6328.97,0,-0.04,-25.77,-7718.8299999999,25.77,7718.8299999999
-583.97,-6329.01,0.01,-0.03,-25.73,-7693.0599999999,25.73,7693.0599999999
-583.96,-6329.04,0,-0.04,-25.7,-7667.3299999999,25.7,7667.3299999999
-583.96,-6329.08,0,-0.04,-25.66,-7641.6299999999,25.66,7641.6299999999
-583.96,-6329.12,-0.16,-0.1,-25.62,-7615.9699999999,25.62,7615.9699999999
-584.12,-6329.22,0,-0.04,-25.52,-7590.3499999999,25.52,7590.3499999999
-584.12,-6329.26,0.01,-0.03,-25.48,-7564.8299999999,25.48,7564.8299999999
-584.11,-6329.29,0,-0.04,-25.45,-7539.3499999999,25.45,7539.3499999999
-584.11,-6329.33,0,-0.04,-25.41,-7513.8999999999,25.41,7513.8999999999
-584.11,-6329.37,-0.16,-0.1,-25.37,-7488.4899999999,25.37,7488.4899999999
-584.27,-6329.47,0,-0.03,-25.27,-7463.1199999999,25.27,7463.1199999999
-584.27,-6329.5,0,-0.04,-25.24,-7437.8499999999,25.24,7437.8499999999
-584.27,-6329.54,0.01,-0.04,-25.2,-7412.6099999999,25.2,7412.6099999999
-584.26,-6329.58,0,-0.03,-25.16,-7387.4099999999,25.16,7387.4099999999
-584.26,-6329.61,-0.16,-0.1,-25.13,-7362.2499999999,25.13,7362.2499999999
-584.42,-6329.71,0,-0.04,-25.03,-7337.1199999999,25.03,7337.1199999999
-584.42,-6329.75,0,-0.04,-24.99,-7312.0899999999,24.99,7312.0899999999
-584.42,-6329.79,0,-0.03,-24.95,-7287.0999999999,24.95,7287.0999999999
-584.42,-6329.82,0,-0.04,-24.92,-7262.1499999999,24.92,7262.1499999999
-584.42,-6329.86,-0.16,-0.1,-24.88,-7237.2299999999,24.88,7237.2299999999
-584.58,-6329.96,0,-0.03,-24.78,-7212.3499999999,24.78,7212.3499999999
-584.58,-6329.99,0,-0.04,-24.75,-7187.5699999999,24.75,7187.5699999999
-584.58,-6330.03,0.01,-0.04,-24.71,-7162.8199999999,24.71,7162.8199999999
-584.57,-6330.07,0,-0.03,-24.67,-7138.1099999999,24.67,7138.1099999999
-584.57,-6330.1,-0.17,-0.1,-24.64,-7113.4399999999,24.64,7113.4399999999
-584.74,-6330.2,0,-0.03,-24.54,-7088.7999999999,24.54,7088.7999999999
-584.74,-6330.23,0,-0.04,-24.51,-7064.2599999999,24.51,7064.2599999999
-584.74,-6330.27,0.01,-0.04,-24.47,-7039.7499999999,24.47,7039.7499999999
-584.73,-6330.31,0,-0.04,-24.43,-7015.2799999999,24.43,7015.2799999999
-584.73,-6330.35,0,-0.03,-24.39,-6990.8499999999,24.39,6990.8499999999
-584.73,-6330.38,-0.21,-0.09,-24.36,-6966.4599999999,24.36,6966.4599999999
-584.94,-6330.47,0,-0.04,-24.27,-6942.0999999999,24.27,6942.0999999999
-584.94,-6330.51,0,-0.04,-24.23,-6917.8299999999,24.23,6917.8299999999
-584.94,-6330.55,0,-0.03,-24.19,-6893.5999999999,24.19,6893.5999999999
-584.94,-6330.58,-0.2,-0.09,-24.16,-6869.4099999999,24.16,6869.4099999999
-585.14,-6330.67,0,-0.04,-24.07,-6845.2499999999,24.07,6845.2499999999
-585.14,-6330.71,0,-0.04,-24.03,-6821.1799999999,24.03,6821.1799999999
-585.14,-6330.75,0,-0.03,-23.99,-6797.1499999999,23.99,6797.1499999999
-585.14,-6330.78,0,-0.04,-23.96,-6773.1599999999,23.96,6773.1599999999
-585.14,-6330.82,-0.2,-0.09,-23.92,-6749.1999999999,23.92,6749.1999999999
-585.34,-6330.91,0,-0.04,-23.83,-6725.2799999999,23.83,6725.2799999999
-585.34,-6330.95,0,-0.03,-23.79,-6701.4499999999,23.79,6701.4499999999
-585.34,-6330.98,0,-0.04,-23.76,-6677.6599999999,23.76,6677.6599999999
-585.34,-6331.02,0,-0.04,-23.72,-6653.8999999999,23.72,6653.8999999999
-585.34,-6331.06,-0.2,-0.08,-23.68,-6630.1799999999,23.68,6630.1799999999
-585.54,-6331.14,0,-0.04,-23.6,-6606.4999999999,23.6,6606.4999999999
-585.54,-6331.18,-0.01,-0.03,-23.56,-6582.8999999999,23.56,6582.8999999999
-585.55,-6331.21,0,-0.04,-23.53,-6559.3399999999,23.53,6559.3399999999
-585.55,-6331.25,0,-0.04,-23.49,-6535.8099999999,23.49,6535.8099999999
-585.55,-6331.29,-0.19,-0.09,-23.45,-6512.3199999999,23.45,6512.3199999999
-585.74,-6331.38,0,-0.03,-23.36,-6488.8699999999,23.36,6488.8699999999
-585.74,-6331.41,0,-0.04,-23.33,-6465.5099999999,23.33,6465.5099999999
-585.74,-6331.45,0,-0.03,-23.29,-6442.1799999999,23.29,6442.1799999999
-585.74,-6331.48,-0.01,-0.04,-23.26,-6418.8899999999,23.26,6418.8899999999
-585.75,-6331.52,-0.18,-0.08,-23.22,-6395.6299999999,23.22,6395.6299999999
-585.93,-6331.6,-0.01,-0.04,-23.14,-6372.4099999999,23.14,6372.4099999999
-585.94,-6331.64,0,-0.04,-23.1,-6349.2699999999,23.1,6349.2699999999
-585.94,-6331.68,0,-0.03,-23.06,-6326.1699999999,23.06,6326.1699999999
-585.94,-6331.71,0,-0.04,-23.03,-6303.1099999999,23.03,6303.1099999999
-585.94,-6331.75,-0.13,-0.08,-22.99,-6280.0799999999,22.99,6280.0799999999
-586.07,-6331.83,-0.01,-0.04,-22.91,-6257.0899999999,22.91,6257.0899999999
-586.08,-6331.87,0,-0.04,-22.87,-6234.1799999999,22.87,6234.1799999999
-586.08,-6331.91,0,-0.03,-22.83,-6211.3099999999,22.83,6211.3099999999
-586.08,-6331.94,-0.01,-0.04,-22.8,-6188.4799999999,22.8,6188.4799999999
-586.09,-6331.98,-0.19,-0.08,-22.76,-6165.6799999999,22.76,6165.6799999999
-586.28,-6332.06,0,-0.03,-22.68,-6142.9199999999,22.68,6142.9199999999
-586.28,-6332.09,-0.01,-0.04,-22.65,-6120.2399999999,22.65,6120.2399999999
-586.29,-6332.13,0,-0.04,-22.61,-6097.5899999999,22.61,6097.5899999999
-586.29,-6332.17,0,-0.03,-22.57,-6074.9799999999,22.57,6074.9799999999
-586.29,-6332.2,-0.2,-0.08,-22.54,-6052.4099999999,22.54,6052.4099999999
-586.49,-6332.28,0,-0.04,-22.46,-6029.8699999999,22.46,6029.8699999999
-586.49,-6332.32,0,-0.03,-22.42,-6007.4099999999,22.42,6007.4099999999
-586.49,-6332.35,-0.01,-0.04,-22.39,-5984.9899999999,22.39,5984.9899999999
-586.5,-6332.39,0,-0.04,-22.35,-5962.5999999999,22.35,5962.5999999999
-586.5,-6332.43,-0.18,-0.08,-22.31,-5940.2499999999,22.31,5940.2499999999
-586.68,-6332.51,-0.01,-0.03,-22.23,-5917.9399999999,22.23,5917.9399999999
-586.69,-6332.54,0,-0.04,-22.2,-5895.7099999999,22.2,5895.7099999999
-586.69,-6332.58,-0.01,-0.03,-22.16,-5873.5099999999,22.16,5873.5099999999
-586.7,-6332.61,0,-0.04,-22.13,-5851.3499999999,22.13,5851.3499999999
-586.7,-6332.65,0,-0.04,-22.09,-5829.2199999999,22.09,5829.2199999999
-586.7,-6332.69,-0.2,-0.07,-22.05,-5807.1299999999,22.05,5807.1299999999
-586.9,-6332.76,0,-0.04,-21.98,-5785.0799999999,21.98,5785.0799999999
-586.9,-6332.8,0,-0.04,-21.94,-5763.0999999999,21.94,5763.0999999999
-586.9,-6332.84,-0.01,-0.03,-21.9,-5741.1599999999,21.9,5741.1599999999
-586.91,-6332.87,-0.12,-0.08,-21.87,-5719.2599999999,21.87,5719.2599999999
-587.03,-6332.95,-0.01,-0.03,-21.79,-5697.3899999999,21.79,5697.3899999999
-587.04,-6332.98,0,-0.04,-21.76,-5675.5999999999,21.76,5675.5999999999
-587.04,-6333.02,0,-0.04,-21.72,-5653.8399999999,21.72,5653.8399999999
-587.04,-6333.06,-0.01,-0.03,-21.68,-5632.1199999999,21.68,5632.1199999999
-587.05,-6333.09,-0.2,-0.08,-21.65,-5610.4399999999,21.65,5610.4399999999
-587.25,-6333.17,0,-0.03,-21.57,-5588.7899999999,21.57,5588.7899999999
-587.25,-6333.2,-0.01,-0.04,-21.54,-5567.2199999999,21.54,5567.2199999999
-587.26,-6333.24,0,-0.03,-21.5,-5545.6799999999,21.5,5545.6799999999
-587.26,-6333.27,-0.01,-0.04,-21.47,-5524.1799999999,21.47,5524.1799999999
-587.27,-6333.31,-0.2,-0.07,-21.43,-5502.7099999999,21.43,5502.7099999999
-587.47,-6333.38,0,-0.03,-21.36,-5481.2799999999,21.36,5481.2799999999
-587.47,-6333.41,-0.01,-0.04,-21.33,-5459.9199999999,21.33,5459.9199999999
-587.48,-6333.45,0,-0.03,-21.29,-5438.5899999999,21.29,5438.5899999999
-587.48,-6333.48,-0.01,-0.04,-21.26,-5417.2999999999,21.26,5417.2999999999
-587.49,-6333.52,-0.2,-0.07,-21.22,-5396.0399999999,21.22,5396.0399999999
-587.69,-6333.59,0,-0.03,-21.15,-5374.8199999999,21.15,5374.8199999999
-587.69,-6333.62,-0.01,-0.04,-21.12,-5353.6699999999,21.12,5353.6699999999
-587.7,-6333.66,0,-0.03,-21.08,-5332.5499999999,21.08,5332.5499999999
-587.7,-6333.69,-0.01,-0.04,-21.05,-5311.4699999999,21.05,5311.4699999999
-587.71,-6333.73,-0.19,-0.07,-21.01,-5290.4199999999,21.01,5290.4199999999
-587.9,-6333.8,-0.01,-0.03,-20.94,-5269.4099999999,20.94,5269.4099999999
-587.91,-6333.83,0,-0.04,-20.91,-5248.4699999999,20.91,5248.4699999999
-587.91,-6333.87,-0.01,-0.03,-20.87,-5227.5599999999,20.87,5227.5599999999
-587.92,-6333.9,-0.01,-0.04,-20.84,-5206.6899999999,20.84,5206.6899999999
-587.93,-6333.94,-0.18,-0.06,-20.8,-5185.8499999999,20.8,5185.8499999999
-588.11,-6334,-0.01,-0.04,-20.74,-5165.0499999999,20.74,5165.0499999999
-588.12,-6334.04,-0.01,-0.03,-20.7,-5144.3099999999,20.7,5144.3099999999
-588.13,-6334.07,0,-0.04,-20.67,-5123.6099999999,20.67,5123.6099999999
-588.13,-6334.11,-0.01,-0.03,-20.63,-5102.9399999999,20.63,5102.9399999999
-588.14,-6334.14,-0.18,-0.07,-20.6,-5082.3099999999,20.6,5082.3099999999
-588.32,-6334.21,-0.01,-0.03,-20.53,-5061.7099999999,20.53,5061.7099999999
-588.33,-6334.24,0,-0.04,-20.5,-5041.1799999999,20.5,5041.1799999999
-588.33,-6334.28,-0.01,-0.03,-20.46,-5020.6799999999,20.46,5020.6799999999
-588.34,-6334.31,0,-0.04,-20.43,-5000.2199999999,20.43,5000.2199999999
-588.34,-6334.35,-0.19,-0.07,-20.39,-4979.7899999999,20.39,4979.7899999999
-588.53,-6334.42,0,-0.03,-20.32,-4959.3999999999,20.32,4959.3999999999
-588.53,-6334.45,-0.01,-0.03,-20.29,-4939.0799999999,20.29,4939.0799999999
-588.54,-6334.48,-0.01,-0.04,-20.26,-4918.7899999999,20.26,4918.7899999999
-588.55,-6334.52,0,-0.03,-20.22,-4898.5299999999,20.22,4898.5299999999
-588.55,-6334.55,-0.18,-0.07,-20.19,-4878.3099999999,20.19,4878.3099999999
-588.73,-6334.62,-0.01,-0.03,-20.12,-4858.1199999999,20.12,4858.1199999999
-588.74,-6334.65,-0.01,-0.04,-20.09,-4837.9999999999,20.09,4837.9999999999
-588.75,-6334.69,0,-0.03,-20.05,-4817.9099999999,20.05,4817.9099999999
-588.75,-6334.72,-0.01,-0.03,-20.02,-4797.8599999999,20.02,4797.8599999999
-588.76,-6334.75,-0.01,-0.04,-19.99,-4777.8399999999,19.99,4777.8399999999
-588.77,-6334.79,-0.18,-0.06,-19.95,-4757.8499999999,19.95,4757.8499999999
-588.95,-6334.85,0,-0.04,-19.89,-4737.8999999999,19.89,4737.8999999999
-588.95,-6334.89,-0.01,-0.03,-19.85,-4718.0099999999,19.85,4718.0099999999
-588.96,-6334.92,-0.01,-0.04,-19.82,-4698.1599999999,19.82,4698.1599999999
-588.97,-6334.96,-0.17,-0.06,-19.78,-4678.3399999999,19.78,4678.3399999999
-589.14,-6335.02,-0.01,-0.03,-19.72,-4658.5599999999,19.72,4658.5599999999
-589.15,-6335.05,-0.01,-0.04,-19.69,-4638.8399999999,19.69,4638.8399999999
-589.16,-6335.09,-0.01,-0.03,-19.65,-4619.1499999999,19.65,4619.1499999999
-589.17,-6335.12,0,-0.04,-19.62,-4599.4999999999,19.62,4599.4999999999
-589.17,-6335.16,-0.18,-0.06,-19.58,-4579.8799999999,19.58,4579.8799999999
-589.35,-6335.22,0,-0.03,-19.52,-4560.2999999999,19.52,4560.2999999999
-589.35,-6335.25,-0.01,-0.04,-19.49,-4540.7799999999,19.49,4540.7799999999
-589.36,-6335.29,-0.01,-0.03,-19.45,-4521.2899999999,19.45,4521.2899999999
-589.37,-6335.32,-0.01,-0.03,-19.42,-4501.8399999999,19.42,4501.8399999999
-589.38,-6335.35,-0.17,-0.07,-19.39,-4482.4199999999,19.39,4482.4199999999
-589.55,-6335.42,-0.01,-0.03,-19.32,-4463.0299999999,19.32,4463.0299999999
-589.56,-6335.45,-0.01,-0.03,-19.29,-4443.7099999999,19.29,4443.7099999999
-589.57,-6335.48,0,-0.04,-19.26,-4424.4199999999,19.26,4424.4199999999
-589.57,-6335.52,-0.01,-0.03,-19.22,-4405.1599999999,19.22,4405.1599999999
-589.58,-6335.55,-0.17,-0.06,-19.19,-4385.9399999999,19.19,4385.9399999999
-589.75,-6335.61,-0.01,-0.04,-19.13,-4366.7499999999,19.13,4366.7499999999
-589.76,-6335.65,-0.01,-0.03,-19.09,-4347.6199999999,19.09,4347.6199999999
-589.77,-6335.68,0,-0.03,-19.06,-4328.5299999999,19.06,4328.5299999999
-589.77,-6335.71,-0.01,-0.04,-19.03,-4309.4699999999,19.03,4309.4699999999
-589.78,-6335.75,-0.17,-0.06,-18.99,-4290.4399999999,18.99,4290.4399999999
-589.95,-6335.81,-0.01,-0.03,-18.93,-4271.4499999999,18.93,4271.4499999999
-589.96,-6335.84,-0.01,-0.04,-18.9,-4252.5199999999,18.9,4252.5199999999
-589.97,-6335.88,0,-0.03,-18.86,-4233.6199999999,18.86,4233.6199999999
-589.97,-6335.91,-0.01,-0.03,-18.83,-4214.7599999999,18.83,4214.7599999999
-589.98,-6335.94,-0.17,-0.06,-18.8,-4195.9299999999,18.8,4195.9299999999
-590.15,-6336,-0.01,-0.04,-18.74,-4177.1299999999,18.74,4177.1299999999
-590.16,-6336.04,-0.01,-0.03,-18.7,-4158.3899999999,18.7,4158.3899999999
-590.17,-6336.07,0,-0.03,-18.67,-4139.6899999999,18.67,4139.6899999999
-590.17,-6336.1,-0.01,-0.04,-18.64,-4121.0199999999,18.64,4121.0199999999
-590.18,-6336.14,-0.17,-0.06,-18.6,-4102.3799999999,18.6,4102.3799999999
-590.35,-6336.2,-0.01,-0.03,-18.54,-4083.7799999999,18.54,4083.7799999999
-590.36,-6336.23,-0.01,-0.03,-18.51,-4065.2399999999,18.51,4065.2399999999
-590.37,-6336.26,0,-0.04,-18.48,-4046.7299999999,18.48,4046.7299999999
-590.37,-6336.3,-0.01,-0.03,-18.44,-4028.2499999999,18.44,4028.2499999999
-590.38,-6336.33,-0.11,-0.06,-18.41,-4009.8099999999,18.41,4009.8099999999
-590.49,-6336.39,-0.01,-0.04,-18.35,-3991.3999999999,18.35,3991.3999999999
-590.5,-6336.43,0,-0.03,-18.31,-3973.0499999999,18.31,3973.0499999999
-590.5,-6336.46,-0.01,-0.03,-18.28,-3954.7399999999,18.28,3954.7399999999
-590.51,-6336.49,-0.01,-0.04,-18.25,-3936.4599999999,18.25,3936.4599999999
-590.52,-6336.53,-0.17,-0.06,-18.21,-3918.2099999999,18.21,3918.2099999999
-590.69,-6336.59,-0.01,-0.03,-18.15,-3899.9999999999,18.15,3899.9999999999
-590.7,-6336.62,0,-0.03,-18.12,-3881.8499999999,18.12,3881.8499999999
-590.7,-6336.65,-0.01,-0.04,-18.09,-3863.7299999999,18.09,3863.7299999999
-590.71,-6336.69,-0.01,-0.03,-18.05,-3845.6399999999,18.05,3845.6399999999
-590.72,-6336.72,-0.01,-0.03,-18.02,-3827.5899999999,18.02,3827.5899999999
-590.73,-6336.75,-0.17,-0.06,-17.99,-3809.5699999999,17.99,3809.5699999999
-590.9,-6336.81,-0.01,-0.04,-17.93,-3791.5799999999,17.93,3791.5799999999
-590.91,-6336.85,-0.01,-0.03,-17.89,-3773.6499999999,17.89,3773.6499999999
-590.92,-6336.88,0,-0.04,-17.86,-3755.7599999999,17.86,3755.7599999999
-590.92,-6336.92,-0.17,-0.05,-17.82,-3737.8999999999,17.82,3737.8999999999
-591.09,-6336.97,-0.01,-0.04,-17.77,-3720.0799999999,17.77,3720.0799999999
-591.1,-6337.01,-0.01,-0.03,-17.73,-3702.3099999999,17.73,3702.3099999999
-591.11,-6337.04,-0.01,-0.04,-17.7,-3684.5799999999,17.7,3684.5799999999
-591.12,-6337.08,-0.01,-0.03,-17.66,-3666.8799999999,17.66,3666.8799999999
-591.13,-6337.11,-0.16,-0.06,-17.63,-3649.2199999999,17.63,3649.2199999999
-591.29,-6337.17,-0.01,-0.03,-17.57,-3631.5899999999,17.57,3631.5899999999
-591.3,-6337.2,-0.01,-0.04,-17.54,-3614.0199999999,17.54,3614.0199999999
-591.31,-6337.24,-0.01,-0.03,-17.5,-3596.4799999999,17.5,3596.4799999999
-591.32,-6337.27,-0.01,-0.03,-17.47,-3578.9799999999,17.47,3578.9799999999
-591.33,-6337.3,-0.16,-0.06,-17.44,-3561.5099999999,17.44,3561.5099999999
-591.49,-6337.36,-0.01,-0.04,-17.38,-3544.0699999999,17.38,3544.0699999999
-591.5,-6337.4,-0.01,-0.03,-17.34,-3526.6899999999,17.34,3526.6899999999
-591.51,-6337.43,-0.01,-0.04,-17.31,-3509.3499999999,17.31,3509.3499999999
-591.52,-6337.47,-0.01,-0.03,-17.27,-3492.0399999999,17.27,3492.0399999999
-591.53,-6337.5,-0.16,-0.06,-17.24,-3474.7699999999,17.24,3474.7699999999
-591.69,-6337.56,-0.01,-0.03,-17.18,-3457.5299999999,17.18,3457.5299999999
-591.7,-6337.59,-0.01,-0.04,-17.15,-3440.3499999999,17.15,3440.3499999999
-591.71,-6337.63,-0.01,-0.03,-17.11,-3423.1999999999,17.11,3423.1999999999
-591.72,-6337.66,-0.01,-0.04,-17.08,-3406.0899999999,17.08,3406.0899999999
-591.73,-6337.7,-0.16,-0.06,-17.04,-3389.0099999999,17.04,3389.0099999999
-591.89,-6337.76,-0.01,-0.03,-16.98,-3371.9699999999,16.98,3371.9699999999
-591.9,-6337.79,-0.01,-0.03,-16.95,-3354.9899999999,16.95,3354.9899999999
-591.91,-6337.82,-0.01,-0.04,-16.92,-3338.0399999999,16.92,3338.0399999999
-591.92,-6337.86,-0.01,-0.03,-16.88,-3321.1199999999,16.88,3321.1199999999
-591.93,-6337.89,-0.17,-0.06,-16.85,-3304.2399999999,16.85,3304.2399999999
-592.1,-6337.95,-0.01,-0.04,-16.79,-3287.3899999999,16.79,3287.3899999999
-592.11,-6337.99,-0.01,-0.03,-16.75,-3270.5999999999,16.75,3270.5999999999
-592.12,-6338.02,-0.02,-0.04,-16.72,-3253.8499999999,16.72,3253.8499999999
-592.14,-6338.06,-0.01,-0.03,-16.68,-3237.1299999999,16.68,3237.1299999999
-592.15,-6338.09,-0.16,-0.06,-16.65,-3220.4499999999,16.65,3220.4499999999
-592.31,-6338.15,-0.02,-0.03,-16.59,-3203.7999999999,16.59,3203.7999999999
-592.33,-6338.18,-0.01,-0.04,-16.56,-3187.2099999999,16.56,3187.2099999999
-592.34,-6338.22,-0.01,-0.03,-16.52,-3170.6499999999,16.52,3170.6499999999
-592.35,-6338.25,-0.01,-0.04,-16.49,-3154.1299999999,16.49,3154.1299999999
-592.36,-6338.29,-0.17,-0.05,-16.45,-3137.6399999999,16.45,3137.6399999999
-592.53,-6338.34,-0.01,-0.04,-16.4,-3121.1899999999,16.4,3121.1899999999
-592.54,-6338.38,-0.01,-0.03,-16.36,-3104.7899999999,16.36,3104.7899999999
-592.55,-6338.41,-0.02,-0.04,-16.33,-3088.4299999999,16.33,3088.4299999999
-592.57,-6338.45,-0.01,-0.03,-16.29,-3072.0999999999,16.29,3072.0999999999
-592.58,-6338.48,-0.16,-0.06,-16.26,-3055.8099999999,16.26,3055.8099999999
-592.74,-6338.54,-0.01,-0.03,-16.2,-3039.5499999999,16.2,3039.5499999999
-592.75,-6338.57,-0.02,-0.04,-16.17,-3023.3499999999,16.17,3023.3499999999
-592.77,-6338.61,-0.01,-0.03,-16.13,-3007.1799999999,16.13,3007.1799999999
-592.78,-6338.64,-0.01,-0.04,-16.1,-2991.0499999999,16.1,2991.0499999999
-592.79,-6338.68,-0.02,-0.04,-16.06,-2974.9499999999,16.06,2974.9499999999
-592.81,-6338.72,-0.16,-0.05,-16.02,-2958.8899999999,16.02,2958.8899999999
-592.97,-6338.77,-0.02,-0.04,-15.97,-2942.8699999999,15.97,2942.8699999999
-592.99,-6338.81,-0.01,-0.03,-15.93,-2926.8999999999,15.93,2926.8999999999
-593,-6338.84,-0.01,-0.04,-15.9,-2910.9699999999,15.9,2910.9699999999
-593.01,-6338.88,-0.17,-0.05,-15.86,-2895.0699999999,15.86,2895.0699999999
-593.18,-6338.93,-0.01,-0.04,-15.81,-2879.2099999999,15.81,2879.2099999999
-593.19,-6338.97,-0.02,-0.03,-15.77,-2863.3999999999,15.77,2863.3999999999
-593.21,-6339,-0.01,-0.04,-15.74,-2847.6299999999,15.74,2847.6299999999
-593.22,-6339.04,-0.01,-0.04,-15.7,-2831.8899999999,15.7,2831.8899999999
-593.23,-6339.08,-0.17,-0.05,-15.66,-2816.1899999999,15.66,2816.1899999999
-593.4,-6339.13,-0.01,-0.04,-15.61,-2800.5299999999,15.61,2800.5299999999
-593.41,-6339.17,-0.02,-0.03,-15.57,-2784.9199999999,15.57,2784.9199999999
-593.43,-6339.2,-0.01,-0.04,-15.54,-2769.3499999999,15.54,2769.3499999999
-593.44,-6339.24,-0.02,-0.04,-15.5,-2753.8099999999,15.5,2753.8099999999
-593.46,-6339.28,-0.16,-0.05,-15.46,-2738.3099999999,15.46,2738.3099999999
-593.62,-6339.33,-0.02,-0.04,-15.41,-2722.8499999999,15.41,2722.8499999999
-593.64,-6339.37,-0.01,-0.03,-15.37,-2707.4399999999,15.37,2707.4399999999
-593.65,-6339.4,-0.02,-0.04,-15.34,-2692.0699999999,15.34,2692.0699999999
-593.67,-6339.44,-0.01,-0.04,-15.3,-2676.7299999999,15.3,2676.7299999999
-593.68,-6339.48,-0.17,-0.05,-15.26,-2661.4299999999,15.26,2661.4299999999
-593.85,-6339.53,-0.02,-0.04,-15.21,-2646.1699999999,15.21,2646.1699999999
-593.87,-6339.57,-0.01,-0.03,-15.17,-2630.9599999999,15.17,2630.9599999999
-593.88,-6339.6,-0.02,-0.04,-15.14,-2615.7899999999,15.14,2615.7899999999
-593.9,-6339.64,-0.02,-0.04,-15.1,-2600.6499999999,15.1,2600.6499999999
-593.92,-6339.68,-0.16,-0.05,-15.06,-2585.5499999999,15.06,2585.5499999999
-594.08,-6339.73,-0.02,-0.04,-15.01,-2570.4899999999,15.01,2570.4899999999
-594.1,-6339.77,-0.02,-0.04,-14.97,-2555.4799999999,14.97,2555.4799999999
-594.12,-6339.81,-0.02,-0.04,-14.93,-2540.5099999999,14.93,2540.5099999999
-594.14,-6339.85,-0.01,-0.03,-14.89,-2525.5799999999,14.89,2525.5799999999
-594.15,-6339.88,-0.17,-0.06,-14.86,-2510.6899999999,14.86,2510.6899999999
-594.32,-6339.94,-0.02,-0.04,-14.8,-2495.8299999999,14.8,2495.8299999999
-594.34,-6339.98,-0.02,-0.03,-14.76,-2481.0299999999,14.76,2481.0299999999
-594.36,-6340.01,-0.01,-0.04,-14.73,-2466.2699999999,14.73,2466.2699999999
-594.37,-6340.05,-0.02,-0.04,-14.69,-2451.5399999999,14.69,2451.5399999999
-594.39,-6340.09,-0.11,-0.06,-14.65,-2436.8499999999,14.65,2436.8499999999
-594.5,-6340.15,-0.02,-0.03,-14.59,-2422.1999999999,14.59,2422.1999999999
-594.52,-6340.18,-0.02,-0.04,-14.56,-2407.6099999999,14.56,2407.6099999999
-594.54,-6340.22,-0.02,-0.04,-14.52,-2393.0499999999,14.52,2393.0499999999
-594.56,-6340.26,-0.01,-0.04,-14.48,-2378.5299999999,14.48,2378.5299999999
-594.57,-6340.3,-0.13,-0.05,-14.44,-2364.0499999999,14.44,2364.0499999999
-594.7,-6340.35,-0.02,-0.04,-14.39,-2349.6099999999,14.39,2349.6099999999
-594.72,-6340.39,-0.02,-0.04,-14.35,-2335.2199999999,14.35,2335.2199999999
-594.74,-6340.43,-0.02,-0.04,-14.31,-2320.8699999999,14.31,2320.8699999999
-594.76,-6340.47,-0.02,-0.04,-14.27,-2306.5599999999,14.27,2306.5599999999
-594.78,-6340.51,-0.13,-0.05,-14.23,-2292.2899999999,14.23,2292.2899999999
-594.91,-6340.56,-0.02,-0.04,-14.18,-2278.0599999999,14.18,2278.0599999999
-594.93,-6340.6,-0.02,-0.04,-14.14,-2263.8799999999,14.14,2263.8799999999
-594.95,-6340.64,-0.02,-0.04,-14.1,-2249.7399999999,14.1,2249.7399999999
-594.97,-6340.68,-0.02,-0.04,-14.06,-2235.6399999999,14.06,2235.6399999999
-594.99,-6340.72,-0.16,-0.05,-14.02,-2221.5799999999,14.02,2221.5799999999
-595.15,-6340.77,-0.02,-0.05,-13.97,-2207.5599999999,13.97,2207.5599999999
-595.17,-6340.82,-0.02,-0.04,-13.92,-2193.5899999999,13.92,2193.5899999999
-595.19,-6340.86,-0.02,-0.04,-13.88,-2179.6699999999,13.88,2179.6699999999
-595.21,-6340.9,-0.02,-0.04,-13.84,-2165.7899999999,13.84,2165.7899999999
-595.23,-6340.94,-0.16,-0.05,-13.8,-2151.9499999999,13.8,2151.9499999999
-595.39,-6340.99,-0.02,-0.04,-13.75,-2138.1499999999,13.75,2138.1499999999
-595.41,-6341.03,-0.02,-0.04,-13.71,-2124.3999999999,13.71,2124.3999999999
-595.43,-6341.07,-0.02,-0.04,-13.67,-2110.6899999999,13.67,2110.6899999999
-595.45,-6341.11,-0.02,-0.04,-13.63,-2097.0199999999,13.63,2097.0199999999
-595.47,-6341.15,-0.07,-0.05,-13.59,-2083.3899999999,13.59,2083.3899999999
-595.54,-6341.2,-0.02,-0.04,-13.54,-2069.7999999999,13.54,2069.7999999999
-595.56,-6341.24,-0.02,-0.05,-13.5,-2056.2599999999,13.5,2056.2599999999
-595.58,-6341.29,-0.02,-0.04,-13.45,-2042.7599999999,13.45,2042.7599999999
-595.6,-6341.33,-0.02,-0.04,-13.41,-2029.3099999999,13.41,2029.3099999999
-595.62,-6341.37,-0.14,-0.05,-13.37,-2015.8999999999,13.37,2015.8999999999
-595.76,-6341.42,-0.02,-0.04,-13.32,-2002.5299999999,13.32,2002.5299999999
-595.78,-6341.46,-0.02,-0.04,-13.28,-1989.2099999999,13.28,1989.2099999999
-595.8,-6341.5,-0.02,-0.05,-13.24,-1975.9299999999,13.24,1975.9299999999
-595.82,-6341.55,-0.03,-0.04,-13.19,-1962.6899999999,13.19,1962.6899999999
-595.85,-6341.59,-0.13,-0.05,-13.15,-1949.4999999999,13.15,1949.4999999999
-595.98,-6341.64,-0.02,-0.04,-13.1,-1936.3499999999,13.1,1936.3499999999
-596,-6341.68,-0.03,-0.04,-13.06,-1923.2499999999,13.06,1923.2499999999
-596.03,-6341.72,-0.02,-0.05,-13.02,-1910.1899999999,13.02,1910.1899999999
-596.05,-6341.77,-0.02,-0.04,-12.97,-1897.1699999999,12.97,1897.1699999999
-596.07,-6341.81,-0.13,-0.05,-12.93,-1884.1999999999,12.93,1884.1999999999
-596.2,-6341.86,-0.03,-0.04,-12.88,-1871.2699999999,12.88,1871.2699999999
-596.23,-6341.9,-0.02,-0.04,-12.84,-1858.3899999999,12.84,1858.3899999999
-596.25,-6341.94,-0.03,-0.05,-12.8,-1845.5499999999,12.8,1845.5499999999
-596.28,-6341.99,-0.02,-0.04,-12.75,-1832.7499999999,12.75,1832.7499999999
-596.3,-6342.03,-0.07,-0.05,-12.71,-1819.9999999999,12.71,1819.9999999999
-596.37,-6342.08,-0.02,-0.04,-12.66,-1807.2899999999,12.66,1807.2899999999
-596.39,-6342.12,-0.03,-0.05,-12.62,-1794.6299999999,12.62,1794.6299999999
-596.42,-6342.17,-0.03,-0.04,-12.57,-1782.0099999999,12.57,1782.0099999999
-596.45,-6342.21,-0.02,-0.05,-12.53,-1769.4399999999,12.53,1769.4399999999
-596.47,-6342.26,-0.07,-0.04,-12.48,-1756.9099999999,12.48,1756.9099999999
-596.54,-6342.3,-0.03,-0.05,-12.44,-1744.4299999999,12.44,1744.4299999999
-596.57,-6342.35,-0.02,-0.04,-12.39,-1731.9899999999,12.39,1731.9899999999
-596.59,-6342.39,-0.03,-0.05,-12.35,-1719.6,12.35,1719.6
-596.62,-6342.44,-0.02,-0.04,-12.3,-1707.25,12.3,1707.25
-596.64,-6342.48,-0.08,-0.04,-12.26,-1694.95,12.26,1694.95
-596.72,-6342.52,-0.02,-0.05,-12.22,-1682.69,12.22,1682.69
-596.74,-6342.57,-0.03,-0.04,-12.17,-1670.47,12.17,1670.47
-596.77,-6342.61,-0.03,-0.05,-12.13,-1658.3,12.13,1658.3
-596.8,-6342.66,-0.02,-0.05,-12.08,-1646.17,12.08,1646.17
-596.82,-6342.71,-0.07,-0.04,-12.03,-1634.09,12.03,1634.09
-596.89,-6342.75,-0.03,-0.04,-11.99,-1622.06,11.99,1622.06
-596.92,-6342.79,-0.03,-0.05,-11.95,-1610.07,11.95,1610.07
-596.95,-6342.84,-0.03,-0.05,-11.9,-1598.12,11.9,1598.12
-596.98,-6342.89,-0.02,-0.04,-11.85,-1586.22,11.85,1586.22
-597,-6342.93,-0.03,-0.05,-11.81,-1574.37,11.81,1574.37
-597.03,-6342.98,-0.08,-0.04,-11.76,-1562.56,11.76,1562.56
-597.11,-6343.02,-0.02,-0.05,-11.72,-1550.8,11.72,1550.8
-597.13,-6343.07,-0.03,-0.04,-11.67,-1539.08,11.67,1539.08
-597.16,-6343.11,-0.03,-0.05,-11.63,-1527.41,11.63,1527.41
-597.19,-6343.16,-0.07,-0.04,-11.58,-1515.78,11.58,1515.78
-597.26,-6343.2,-0.03,-0.05,-11.54,-1504.2,11.54,1504.2
-597.29,-6343.25,-0.03,-0.04,-11.49,-1492.66,11.49,1492.66
-597.32,-6343.29,-0.03,-0.05,-11.45,-1481.17,11.45,1481.17
-597.35,-6343.34,-0.03,-0.05,-11.4,-1469.72,11.4,1469.72
-597.38,-6343.39,-0.08,-0.03,-11.35,-1458.32,11.35,1458.32
-597.46,-6343.42,-0.03,-0.05,-11.32,-1446.97,11.32,1446.97
-597.49,-6343.47,-0.03,-0.05,-11.27,-1435.65,11.27,1435.65
-597.52,-6343.52,-0.03,-0.05,-11.22,-1424.38,11.22,1424.38
-597.55,-6343.57,-0.03,-0.05,-11.17,-1413.16,11.17,1413.16
-597.58,-6343.62,-0.07,-0.03,-11.12,-1401.99,11.12,1401.99
-597.65,-6343.65,-0.03,-0.05,-11.09,-1390.87,11.09,1390.87
-597.68,-6343.7,-0.04,-0.05,-11.04,-1379.78,11.04,1379.78
-597.72,-6343.75,-0.03,-0.05,-10.99,-1368.74,10.99,1368.74
-597.75,-6343.8,-0.03,-0.04,-10.94,-1357.75,10.94,1357.75
-597.78,-6343.84,-0.07,-0.04,-10.9,-1346.81,10.9,1346.81
-597.85,-6343.88,-0.04,-0.05,-10.86,-1335.91,10.86,1335.91
-597.89,-6343.93,-0.03,-0.05,-10.81,-1325.05,10.81,1325.05
-597.92,-6343.98,-0.03,-0.04,-10.76,-1314.24,10.76,1314.24
-597.95,-6344.02,-0.03,-0.05,-10.72,-1303.48,10.72,1303.48
-597.98,-6344.07,-0.08,-0.04,-10.67,-1292.76,10.67,1292.76
-598.06,-6344.11,-0.03,-0.05,-10.63,-1282.09,10.63,1282.09
-598.09,-6344.16,-0.04,-0.04,-10.58,-1271.46,10.58,1271.46
-598.13,-6344.2,-0.03,-0.05,-10.54,-1260.88,10.54,1260.88
-598.16,-6344.25,-0.03,-0.05,-10.49,-1250.34,10.49,1250.34
-598.19,-6344.3,-0.08,-0.03,-10.44,-1239.85,10.44,1239.85
-598.27,-6344.33,-0.03,-0.05,-10.41,-1229.41,10.41,1229.41
-598.3,-6344.38,-0.04,-0.05,-10.36,-1219,10.36,1219
-598.34,-6344.43,-0.03,-0.05,-10.31,-1208.64,10.31,1208.64
-598.37,-6344.48,-0.04,-0.05,-10.26,-1198.33,10.26,1198.33
-598.41,-6344.53,-0.07,-0.03,-10.21,-1188.07,10.21,1188.07
-598.48,-6344.56,-0.04,-0.05,-10.18,-1177.86,10.18,1177.86
-598.52,-6344.61,-0.03,-0.05,-10.13,-1167.68,10.13,1167.68
-598.55,-6344.66,-0.04,-0.05,-10.08,-1157.55,10.08,1157.55
-598.59,-6344.71,-0.03,-0.05,-10.03,-1147.47,10.03,1147.47
-598.62,-6344.76,-0.08,-0.03,-9.98,-1137.44,9.98,1137.44
-598.7,-6344.79,-0.04,-0.05,-9.95,-1127.46,9.95,1127.46
-598.74,-6344.84,-0.03,-0.05,-9.9,-1117.51,9.9,1117.51
-598.77,-6344.89,-0.04,-0.05,-9.85,-1107.61,9.85,1107.61
-598.81,-6344.94,-0.03,-0.05,-9.8,-1097.76,9.8,1097.76
-598.84,-6344.99,-0.08,-0.02,-9.75,-1087.96,9.75,1087.96
-598.92,-6345.01,-0.04,-0.05,-9.73,-1078.21,9.73,1078.21
-598.96,-6345.06,-0.04,-0.06,-9.68,-1068.48,9.68,1068.48
-599,-6345.12,-0.03,-0.05,-9.62,-1058.8,9.62,1058.8
-599.03,-6345.17,-0.04,-0.05,-9.57,-1049.18,9.57,1049.18
-599.07,-6345.22,-0.08,-0.02,-9.52,-1039.61,9.52,1039.61
-599.15,-6345.24,-0.04,-0.05,-9.5,-1030.09,9.5,1030.09
-599.19,-6345.29,-0.03,-0.05,-9.45,-1020.59,9.45,1020.59
-599.22,-6345.34,-0.04,-0.05,-9.4,-1011.14,9.4,1011.14
-599.26,-6345.39,-0.04,-0.05,-9.35,-1001.74,9.35,1001.74
-599.3,-6345.44,-0.08,-0.02,-9.3,-992.39,9.3,992.39
-599.38,-6345.46,-0.04,-0.06,-9.28,-983.09,9.28,983.09
-599.42,-6345.52,-0.04,-0.05,-9.22,-973.81,9.22,973.81
-599.46,-6345.57,-0.04,-0.05,-9.17,-964.59,9.17,964.59
-599.5,-6345.62,-0.04,-0.05,-9.12,-955.42,9.12,955.42
-599.54,-6345.67,-0.08,-0.02,-9.07,-946.3,9.07,946.3
-599.62,-6345.69,-0.04,-0.05,-9.05,-937.23,9.05,937.23
-599.66,-6345.74,-0.04,-0.05,-9,-928.18,9,928.18
-599.7,-6345.79,-0.04,-0.06,-8.95,-919.18,8.95,919.18
-599.74,-6345.85,-0.04,-0.05,-8.89,-910.23,8.89,910.23
-599.78,-6345.9,-0.08,-0.03,-8.84,-901.34,8.84,901.34
-599.86,-6345.93,-0.04,-0.05,-8.81,-892.5,8.81,892.5
-599.9,-6345.98,-0.04,-0.06,-8.76,-883.69,8.76,883.69
-599.94,-6346.04,-0.04,-0.05,-8.7,-874.93,8.7,874.93
-599.98,-6346.09,-0.04,-0.05,-8.65,-866.23,8.65,866.23
-600.02,-6346.14,-0.1,-0.01,-8.6,-857.58,8.6,857.58
-600.12,-6346.15,-0.04,-0.06,-8.59,-848.98,8.59,848.98
-600.16,-6346.21,-0.04,-0.05,-8.53,-840.39,8.53,840.39
-600.2,-6346.26,-0.04,-0.05,-8.48,-831.86,8.48,831.86
-600.24,-6346.31,-0.04,-0.05,-8.43,-823.38,8.43,823.38
-600.28,-6346.36,-0.1,-0.01,-8.38,-814.95,8.38,814.95
-600.38,-6346.37,-0.04,-0.06,-8.37,-806.57,8.37,806.57
-600.42,-6346.43,-0.04,-0.05,-8.31,-798.2,8.31,798.2
-600.46,-6346.48,-0.05,-0.05,-8.26,-789.89,8.26,789.89
-600.51,-6346.53,-0.04,-0.05,-8.21,-781.63,8.21,781.63
-600.55,-6346.58,-0.09,-0.01,-8.16,-773.42,8.16,773.42
-600.64,-6346.59,-0.05,-0.06,-8.15,-765.26,8.15,765.26
-600.69,-6346.65,-0.04,-0.05,-8.09,-757.11,8.09,757.11
-600.73,-6346.7,-0.04,-0.05,-8.04,-749.02,8.04,749.02
-600.77,-6346.75,-0.05,-0.05,-7.99,-740.98,7.99,740.98
-600.82,-6346.8,-0.09,-0.01,-7.94,-732.99,7.94,732.99
-600.91,-6346.81,-0.05,-0.05,-7.93,-725.05,7.93,725.05
-600.96,-6346.86,-0.04,-0.06,-7.88,-717.12,7.88,717.12
-601,-6346.92,-0.05,-0.05,-7.82,-709.24,7.82,709.24
-601.05,-6346.97,-0.04,-0.05,-7.77,-701.42,7.77,701.42
-601.09,-6347.02,-0.1,-0.01,-7.72,-693.65,7.72,693.65
-601.19,-6347.03,-0.04,-0.05,-7.71,-685.93,7.71,685.93
-601.23,-6347.08,-0.05,-0.05,-7.66,-678.22,7.66,678.22
-601.28,-6347.13,-0.04,-0.06,-7.61,-670.56,7.61,670.56
-601.32,-6347.19,-0.05,-0.05,-7.55,-662.95,7.55,662.95
-601.37,-6347.24,-0.1,0,-7.5,-655.4,7.5,655.4
-601.47,-6347.24,-0.04,-0.05,-7.5,-647.9,7.5,647.9
-601.51,-6347.29,-0.05,-0.06,-7.45,-640.4,7.45,640.4
-601.56,-6347.35,-0.04,-0.05,-7.39,-632.95,7.39,632.95
-601.6,-6347.4,-0.05,-0.05,-7.34,-625.56,7.34,625.56
-601.65,-6347.45,-0.05,-0.06,-7.29,-618.22,7.29,618.22
-601.7,-6347.51,-0.09,0.01,-7.23,-610.93,7.23,610.93
-601.79,-6347.5,-0.05,-0.06,-7.24,-603.7,7.24,603.7
-601.84,-6347.56,-0.05,-0.05,-7.18,-596.46,7.18,596.46
-601.89,-6347.61,-0.05,-0.06,-7.13,-589.28,7.13,589.28
-601.94,-6347.67,-0.09,0.01,-7.07,-582.15,7.07,582.15
-602.03,-6347.66,-0.05,-0.05,-7.08,-575.08,7.08,575.08
-602.08,-6347.71,-0.05,-0.06,-7.03,-568,7.03,568
-602.13,-6347.77,-0.05,-0.05,-6.97,-560.97,6.97,560.97
-602.18,-6347.82,-0.04,-0.06,-6.92,-554,6.92,554
-602.22,-6347.88,-0.1,0.01,-6.86,-547.08,6.86,547.08
-602.32,-6347.87,-0.05,-0.05,-6.87,-540.22,6.87,540.22
-602.37,-6347.92,-0.05,-0.06,-6.82,-533.35,6.82,533.35
-602.42,-6347.98,-0.05,-0.05,-6.76,-526.53,6.76,526.53
-602.47,-6348.03,-0.05,-0.05,-6.71,-519.77,6.71,519.77
-602.52,-6348.08,-0.1,0.01,-6.66,-513.06,6.66,513.06
-602.62,-6348.07,-0.05,-0.06,-6.67,-506.4,6.67,506.4
-602.67,-6348.13,-0.05,-0.05,-6.61,-499.73,6.61,499.73
-602.72,-6348.18,-0.05,-0.05,-6.56,-493.12,6.56,493.12
-602.77,-6348.23,-0.05,-0.06,-6.51,-486.56,6.51,486.56
-602.82,-6348.29,-0.1,0.02,-6.45,-480.05,6.45,480.05
-602.92,-6348.27,-0.05,-0.06,-6.47,-473.6,6.47,473.6
-602.97,-6348.33,-0.05,-0.05,-6.41,-467.13,6.41,467.13
-603.02,-6348.38,-0.05,-0.06,-6.36,-460.72,6.36,460.72
-603.07,-6348.44,-0.05,-0.05,-6.3,-454.36,6.3,454.36
-603.12,-6348.49,-0.09,-0.02,-6.25,-448.06,6.25,448.06
-603.21,-6348.51,-0.05,-0.05,-6.23,-441.81,6.23,441.81
-603.26,-6348.56,-0.05,-0.05,-6.18,-435.58,6.18,435.58
-603.31,-6348.61,-0.05,-0.06,-6.13,-429.4,6.13,429.4
-603.36,-6348.67,-0.06,-0.05,-6.07,-423.27,6.07,423.27
-603.42,-6348.72,-0.09,-0.02,-6.02,-417.2,6.02,417.2
-603.51,-6348.74,-0.05,-0.05,-6,-411.18,6,411.18
-603.56,-6348.79,-0.05,-0.06,-5.95,-405.18,5.95,405.18
-603.61,-6348.85,-0.05,-0.05,-5.89,-399.23,5.89,399.23
-603.66,-6348.9,-0.06,-0.05,-5.84,-393.34,5.84,393.34
-603.72,-6348.95,-0.09,-0.02,-5.79,-387.5,5.79,387.5
-603.81,-6348.97,-0.05,-0.05,-5.77,-381.71,5.77,381.71
-603.86,-6349.02,-0.06,-0.05,-5.72,-375.94,5.72,375.94
-603.92,-6349.07,-0.05,-0.06,-5.67,-370.22,5.67,370.22
-603.97,-6349.13,-0.05,-0.05,-5.61,-364.55,5.61,364.55
-604.02,-6349.18,-0.15,-0.01,-5.56,-358.94,5.56,358.94
-604.17,-6349.19,-0.06,-0.06,-5.55,-353.38,5.55,353.38
-604.23,-6349.25,-0.05,-0.05,-5.49,-347.83,5.49,347.83
-604.28,-6349.3,-0.05,-0.05,-5.44,-342.34,5.44,342.34
-604.33,-6349.35,-0.06,-0.06,-5.39,-336.9,5.39,336.9
-604.39,-6349.41,-0.23,0,-5.33,-331.51,5.33,331.51
-604.62,-6349.41,-0.05,-0.06,-5.33,-326.18,5.33,326.18
-604.67,-6349.47,-0.06,-0.05,-5.27,-320.85,5.27,320.85
-604.73,-6349.52,-0.05,-0.06,-5.22,-315.58,5.22,315.58
-604.78,-6349.58,-0.06,-0.05,-5.16,-310.36,5.16,310.36
-604.84,-6349.63,-0.05,-0.06,-5.11,-305.2,5.11,305.2
-604.89,-6349.69,-0.22,0,-5.05,-300.09,5.05,300.09
-605.11,-6349.69,-0.06,-0.05,-5.05,-295.04,5.05,295.04
-605.17,-6349.74,-0.05,-0.06,-5,-289.99,5,289.99
-605.22,-6349.8,-0.06,-0.05,-4.94,-284.99,4.94,284.99
-605.28,-6349.85,-0.21,0,-4.89,-280.05,4.89,280.05
-605.49,-6349.85,-0.06,-0.06,-4.89,-275.16,4.89,275.16
-605.55,-6349.91,-0.06,-0.05,-4.83,-270.27,4.83,270.27
-605.61,-6349.96,-0.05,-0.06,-4.78,-265.44,4.78,265.44
-605.66,-6350.02,-0.06,-0.05,-4.72,-260.66,4.72,260.66
-605.72,-6350.07,-0.21,0,-4.67,-255.94,4.67,255.94
-605.93,-6350.07,-0.06,-0.05,-4.67,-251.27,4.67,251.27
-605.99,-6350.12,-0.05,-0.06,-4.62,-246.6,4.62,246.6
-606.04,-6350.18,-0.06,-0.05,-4.56,-241.98,4.56,241.98
-606.1,-6350.23,-0.06,-0.06,-4.51,-237.42,4.51,237.42
-606.16,-6350.29,-0.2,0.01,-4.45,-232.91,4.45,232.91
-606.36,-6350.28,-0.06,-0.06,-4.46,-228.46,4.46,228.46
-606.42,-6350.34,-0.06,-0.05,-4.4,-224,4.4,224
-606.48,-6350.39,-0.05,-0.06,-4.35,-219.6,4.35,219.6
-606.53,-6350.45,-0.06,-0.05,-4.29,-215.25,4.29,215.25
-606.59,-6350.5,-0.2,0.01,-4.24,-210.96,4.24,210.96
-606.79,-6350.49,-0.06,-0.06,-4.25,-206.72,4.25,206.72
-606.85,-6350.55,-0.05,-0.05,-4.19,-202.47,4.19,202.47
-606.9,-6350.6,-0.06,-0.06,-4.14,-198.28,4.14,198.28
-606.96,-6350.66,-0.06,-0.05,-4.08,-194.14,4.08,194.14
-607.02,-6350.71,-0.19,0.01,-4.03,-190.06,4.03,190.06
-607.21,-6350.7,-0.06,-0.06,-4.04,-186.03,4.04,186.03
-607.27,-6350.76,-0.06,-0.05,-3.98,-181.99,3.98,181.99
-607.33,-6350.81,-0.06,-0.05,-3.93,-178.01,3.93,178.01
-607.39,-6350.86,-0.06,-0.06,-3.88,-174.08,3.88,174.08
-607.45,-6350.92,-0.18,0.01,-3.82,-170.2,3.82,170.2
-607.63,-6350.91,-0.06,-0.05,-3.83,-166.38,3.83,166.38
-607.69,-6350.96,-0.06,-0.05,-3.78,-162.55,3.78,162.55
-607.75,-6351.01,-0.07,-0.06,-3.73,-158.77,3.73,158.77
-607.82,-6351.07,-0.06,-0.05,-3.67,-155.04,3.67,155.04
-607.88,-6351.12,-0.17,0.01,-3.62,-151.37,3.62,151.37
-608.05,-6351.11,-0.07,-0.05,-3.63,-147.75,3.63,147.75
-608.12,-6351.16,-0.06,-0.06,-3.58,-144.12,3.58,144.12
-608.18,-6351.22,-0.06,-0.05,-3.52,-140.54,3.52,140.54
-608.24,-6351.27,-0.06,-0.05,-3.47,-137.02,3.47,137.02
-608.3,-6351.32,-0.17,0.01,-3.42,-133.55,3.42,133.55
-608.47,-6351.31,-0.06,-0.05,-3.43,-130.13,3.43,130.13
-608.53,-6351.36,-0.07,-0.05,-3.38,-126.7,3.38,126.7
-608.6,-6351.41,-0.06,-0.06,-3.33,-123.32,3.33,123.32
-608.66,-6351.47,-0.06,-0.05,-3.27,-119.99,3.27,119.99
-608.72,-6351.52,-0.17,0.02,-3.22,-116.72,3.22,116.72
-608.89,-6351.5,-0.07,-0.05,-3.24,-113.5,3.24,113.5
-608.96,-6351.55,-0.06,-0.05,-3.19,-110.26,3.19,110.26
-609.02,-6351.6,-0.06,-0.06,-3.14,-107.07,3.14,107.07
-609.08,-6351.66,-0.07,-0.05,-3.08,-103.93,3.08,103.93
-609.15,-6351.71,-0.06,-0.05,-3.03,-100.85,3.03,100.85
-609.21,-6351.76,-0.19,0.04,-2.98,-97.82,2.98,97.82
-609.4,-6351.72,-0.06,-0.06,-3.02,-94.84,3.02,94.84
-609.46,-6351.78,-0.07,-0.05,-2.96,-91.82,2.96,91.82
-609.53,-6351.83,-0.06,-0.05,-2.91,-88.86,2.91,88.86
-609.59,-6351.88,-0.18,0.04,-2.86,-85.95,2.86,85.95
-609.77,-6351.84,-0.06,-0.05,-2.9,-83.09,2.9,83.09
-609.83,-6351.89,-0.07,-0.05,-2.85,-80.19,2.85,80.19
-609.9,-6351.94,-0.06,-0.06,-2.8,-77.34,2.8,77.34
-609.96,-6352,-0.07,-0.05,-2.74,-74.54,2.74,74.54
-610.03,-6352.05,-0.07,-0.05,-2.69,-71.8,2.69,71.8
-610.1,-6352.1,-0.06,-0.05,-2.64,-69.11,2.64,69.11
-610.16,-6352.15,-0.07,-0.06,-2.59,-66.47,2.59,66.47
-610.23,-6352.21,-0.06,-0.05,-2.53,-63.88,2.53,63.88
-610.29,-6352.26,-0.07,-0.05,-2.48,-61.35,2.48,61.35
-610.36,-6352.31,-0.07,-0.05,-2.43,-58.87,2.43,58.87
-610.43,-6352.36,-0.06,-0.05,-2.38,-56.44,2.38,56.44
-610.49,-6352.41,-0.07,-0.06,-2.33,-54.06,2.33,54.06
-610.56,-6352.47,-0.07,-0.05,-2.27,-51.73,2.27,51.73
-610.63,-6352.52,-0.06,-0.05,-2.22,-49.46,2.22,49.46
-610.69,-6352.57,-0.07,-0.05,-2.17,-47.24,2.17,47.24
-610.76,-6352.62,-0.07,-0.05,-2.12,-45.07,2.12,45.07
-610.83,-6352.67,-0.06,-0.06,-2.07,-42.95,2.07,42.95
-610.89,-6352.73,-0.07,-0.05,-2.01,-40.88,2.01,40.88
-610.96,-6352.78,-0.07,-0.05,-1.96,-38.87,1.96,38.87
-611.03,-6352.83,-0.07,-0.05,-1.91,-36.91,1.91,36.91
-611.1,-6352.88,-0.07,-0.05,-1.86,-35,1.86,35
-611.17,-6352.93,-0.06,-0.05,-1.81,-33.14,1.81,33.14
-611.23,-6352.98,-0.07,-0.05,-1.76,-31.33,1.76,31.33
-611.3,-6353.03,-0.07,-0.06,-1.71,-29.57,1.71,29.57
-611.37,-6353.09,-0.07,-0.05,-1.65,-27.86,1.65,27.86
-611.44,-6353.14,-0.07,-0.05,-1.6,-26.21,1.6,26.21
-611.51,-6353.19,-0.07,-0.05,-1.55,-24.61,1.55,24.61
-611.58,-6353.24,-0.07,-0.05,-1.5,-23.06,1.5,23.06
-611.65,-6353.29,-0.07,-0.05,-1.45,-21.56,1.45,21.56
-611.72,-6353.34,-0.07,-0.05,-1.4,-20.11,1.4,20.11
-611.79,-6353.39,-0.07,-0.05,-1.35,-18.71,1.35,18.71
-611.86,-6353.44,-0.07,-0.05,-1.3,-17.36,1.3,17.36
-611.93,-6353.49,-0.07,-0.05,-1.25,-16.06,1.25,16.06
-612,-6353.54,-0.07,-0.06,-1.2,-14.81,1.2,14.81
-612.07,-6353.6,-0.07,-0.05,-1.14,-13.61,1.14,13.61
-612.14,-6353.65,-0.07,-0.05,-1.09,-12.47,1.09,12.47
-612.21,-6353.7,-0.07,-0.05,-1.04,-11.38,1.04,11.38
-612.28,-6353.75,-0.07,-0.05,-0.99,-10.34,0.99,10.34
-612.35,-6353.8,-0.07,-0.05,-0.94,-9.35,0.94,9.35
-612.42,-6353.85,-0.07,-0.05,-0.89,-8.41,0.89,8.41
-612.49,-6353.9,-0.07,-0.05,-0.84,-7.52,0.84,7.52
-612.56,-6353.95,-0.07,-0.05,-0.79,-6.68,0.79,6.68
-612.63,-6354,-0.07,-0.05,-0.74,-5.89,0.74,5.89
-612.7,-6354.05,-0.08,-0.05,-0.69,-5.15,0.69,5.15
-612.78,-6354.1,-0.07,-0.05,-0.64,-4.46,0.64,4.46
-612.85,-6354.15,-0.07,-0.05,-0.59,-3.82,0.59,3.82
-612.92,-6354.2,-0.07,-0.05,-0.54,-3.23,0.54,3.23
-612.99,-6354.25,-0.07,-0.05,-0.49,-2.69,0.49,2.69
-613.06,-6354.3,-0.08,-0.05,-0.44,-2.2,0.44,2.2
-613.14,-6354.35,-0.07,-0.05,-0.39,-1.76,0.39,1.76
-613.21,-6354.4,-0.07,-0.05,-0.34,-1.37,0.34,1.37
-613.28,-6354.45,-0.08,-0.05,-0.29,-1.03,0.29,1.03
-613.36,-6354.5,-0.07,-0.04,-0.24,-0.74,0.24,0.74
-613.43,-6354.54,-0.07,-0.05,-0.2,-0.5,0.2,0.5
-613.5,-6354.59,-0.08,-0.05,-0.15,-0.3,0.15,0.3
-613.58,-6354.64,-0.07,-0.05,-0.1,-0.15,0.1,0.15
-613.65,-6354.69,-0.07,-0.05,-0.05,-0.05,0.05,0.05
-613.72,-6354.74,0,0,0,0,0,0
