-90.66,174.65,0,0
-90.66,174.67000000000002,0.0,0.020000000000010232
-90.66,174.68,0.0,0.030000000000001137
-90.67,174.70000000000002,-0.010000000000005116,0.05000000000001137
-90.77,174.59,-0.10999999999999943,-0.060000000000002274
-90.77,174.6,-0.10999999999999943,-0.05000000000001137
-90.77,174.62,-0.10999999999999943,-0.030000000000001137
-90.78,174.63,-0.12000000000000455,-0.020000000000010232
-90.78,174.65,-0.12000000000000455,0.0
-90.88,174.54,-0.21999999999999886,-0.11000000000001364
-90.88,174.56,-0.21999999999999886,-0.09000000000000341
-90.88,174.57,-0.21999999999999886,-0.0800000000000125
-90.88,174.59,-0.21999999999999886,-0.060000000000002274
-90.88,174.6,-0.21999999999999886,-0.05000000000001137
-90.98,174.5,-0.3200000000000074,-0.15000000000000568
-90.98,174.51,-0.3200000000000074,-0.14000000000001478
-90.98,174.53,-0.3200000000000074,-0.12000000000000455
-90.99,174.54,-0.3299999999999983,-0.11000000000001364
-90.99,174.56,-0.3299999999999983,-0.09000000000000341
-91.08,174.46,-0.4200000000000017,-0.18999999999999773
-91.09,174.47,-0.4300000000000068,-0.18000000000000682
-91.09,174.49,-0.4300000000000068,-0.1599999999999966
-91.09,174.5,-0.4300000000000068,-0.15000000000000568
-91.09,174.52,-0.4300000000000068,-0.12999999999999545
-91.18,174.42000000000002,-0.5200000000000102,-0.22999999999998977
-91.19,174.44,-0.5300000000000011,-0.21000000000000796
-91.19,174.45000000000002,-0.5300000000000011,-0.19999999999998863
-91.19,174.47,-0.5300000000000011,-0.18000000000000682
-91.19,174.49,-0.5300000000000011,-0.1599999999999966
-91.28,174.39000000000001,-0.6200000000000045,-0.2599999999999909
-91.29,174.41,-0.6300000000000097,-0.2400000000000091
-91.29,174.42000000000002,-0.6300000000000097,-0.22999999999998977
-91.29,174.44,-0.6300000000000097,-0.21000000000000796
-91.29,174.45000000000002,-0.6300000000000097,-0.19999999999998863
-91.4,174.38,-0.7400000000000091,-0.27000000000001023
-91.4,174.4,-0.7400000000000091,-0.25
-91.4,174.42000000000002,-0.7400000000000091,-0.22999999999998977
-91.4,174.43,-0.7400000000000091,-0.21999999999999886
-91.4,174.45000000000002,-0.7400000000000091,-0.19999999999998863
-91.5,174.39000000000001,-0.8400000000000034,-0.2599999999999909
-91.5,174.4,-0.8400000000000034,-0.25
-91.5,174.42000000000002,-0.8400000000000034,-0.22999999999998977
-91.51,174.43,-0.8500000000000085,-0.21999999999999886
-91.51,174.45000000000002,-0.8500000000000085,-0.19999999999998863
-91.63,174.39000000000001,-0.9699999999999989,-0.2599999999999909
-91.63,174.41,-0.9699999999999989,-0.2400000000000091
-91.63,174.42000000000002,-0.9699999999999989,-0.22999999999998977
-91.63,174.44,-0.9699999999999989,-0.21000000000000796
-91.64,174.45000000000002,-0.980000000000004,-0.19999999999998863
-91.76,174.4,-1.1000000000000085,-0.25
-91.76,174.41,-1.1000000000000085,-0.2400000000000091
-91.76,174.43,-1.1000000000000085,-0.21999999999999886
-91.76,174.44,-1.1000000000000085,-0.21000000000000796
-91.76,174.46,-1.1000000000000085,-0.18999999999999773
-91.86,174.42000000000002,-1.2000000000000028,-0.22999999999998977
-91.86,174.44,-1.2000000000000028,-0.21000000000000796
-91.86,174.46,-1.2000000000000028,-0.18999999999999773
-91.86,174.47,-1.2000000000000028,-0.18000000000000682
-91.86,174.49,-1.2000000000000028,-0.1599999999999966
-91.95,174.42000000000002,-1.2900000000000063,-0.22999999999998977
-91.95,174.44,-1.2900000000000063,-0.21000000000000796
-91.95,174.46,-1.2900000000000063,-0.18999999999999773
-91.95,174.47,-1.2900000000000063,-0.18000000000000682
-91.95,174.49,-1.2900000000000063,-0.1599999999999966
-92.04,174.42000000000002,-1.3800000000000097,-0.22999999999998977
-92.04,174.44,-1.3800000000000097,-0.21000000000000796
-92.04,174.46,-1.3800000000000097,-0.18999999999999773
-92.04,174.47,-1.3800000000000097,-0.18000000000000682
-92.04,174.49,-1.3800000000000097,-0.1599999999999966
-92.13,174.43,-1.4699999999999989,-0.21999999999999886
-92.13,174.44,-1.4699999999999989,-0.21000000000000796
-92.13,174.46,-1.4699999999999989,-0.18999999999999773
-92.13,174.47,-1.4699999999999989,-0.18000000000000682
-92.13,174.49,-1.4699999999999989,-0.1599999999999966
-92.22,174.42000000000002,-1.5600000000000023,-0.22999999999998977
-92.22,174.44,-1.5600000000000023,-0.21000000000000796
-92.22,174.45000000000002,-1.5600000000000023,-0.19999999999998863
-92.22,174.47,-1.5600000000000023,-0.18000000000000682
-92.22,174.49,-1.5600000000000023,-0.1599999999999966
-92.3,174.42000000000002,-1.6400000000000006,-0.22999999999998977
-92.3,174.44,-1.6400000000000006,-0.21000000000000796
-92.3,174.46,-1.6400000000000006,-0.18999999999999773
-92.3,174.47,-1.6400000000000006,-0.18000000000000682
-92.3,174.49,-1.6400000000000006,-0.1599999999999966
-92.39,174.46,-1.730000000000004,-0.18999999999999773
-92.39,174.48,-1.730000000000004,-0.17000000000001592
-92.39,174.49,-1.730000000000004,-0.1599999999999966
-92.39,174.51,-1.730000000000004,-0.14000000000001478
-92.38,174.53,-1.7199999999999989,-0.12000000000000455
-92.47,174.5,-1.8100000000000023,-0.15000000000000568
-92.47,174.52,-1.8100000000000023,-0.12999999999999545
-92.47,174.53,-1.8100000000000023,-0.12000000000000455
-92.47,174.55,-1.8100000000000023,-0.09999999999999432
-92.47,174.57,-1.8100000000000023,-0.0800000000000125
-92.56,174.54,-1.9000000000000057,-0.11000000000001364
-92.56,174.55,-1.9000000000000057,-0.09999999999999432
-92.56,174.57,-1.9000000000000057,-0.0800000000000125
-92.56,174.59,-1.9000000000000057,-0.060000000000002274
-92.56,174.6,-1.9000000000000057,-0.05000000000001137
-92.64,174.54,-1.980000000000004,-0.11000000000001364
-92.64,174.56,-1.980000000000004,-0.09000000000000341
-92.64,174.58,-1.980000000000004,-0.06999999999999318
-92.64,174.59,-1.980000000000004,-0.060000000000002274
-92.64,174.61,-1.980000000000004,-0.03999999999999204
-92.72,174.54,-2.0600000000000023,-0.11000000000001364
-92.72,174.56,-2.0600000000000023,-0.09000000000000341
-92.72,174.58,-2.0600000000000023,-0.06999999999999318
-92.72,174.59,-2.0600000000000023,-0.060000000000002274
-92.72,174.61,-2.0600000000000023,-0.03999999999999204
-92.8,174.55,-2.1400000000000006,-0.09999999999999432
-92.8,174.56,-2.1400000000000006,-0.09000000000000341
-92.8,174.58,-2.1400000000000006,-0.06999999999999318
-92.8,174.6,-2.1400000000000006,-0.05000000000001137
-92.8,174.61,-2.1400000000000006,-0.03999999999999204
-92.89,174.55,-2.230000000000004,-0.09999999999999432
-92.88,174.57,-2.219999999999999,-0.0800000000000125
-92.88,174.59,-2.219999999999999,-0.060000000000002274
-92.88,174.61,-2.219999999999999,-0.03999999999999204
-92.88,174.62,-2.219999999999999,-0.030000000000001137
-92.97,174.56,-2.3100000000000023,-0.09000000000000341
-92.96000000000001,174.58,-2.3000000000000114,-0.06999999999999318
-92.96000000000001,174.6,-2.3000000000000114,-0.05000000000001137
-92.96000000000001,174.62,-2.3000000000000114,-0.030000000000001137
-92.96000000000001,174.63,-2.3000000000000114,-0.020000000000010232
-93.05,174.58,-2.3900000000000006,-0.06999999999999318
-93.04,174.59,-2.3800000000000097,-0.060000000000002274
-93.04,174.61,-2.3800000000000097,-0.03999999999999204
-93.04,174.63,-2.3800000000000097,-0.020000000000010232
-93.04,174.65,-2.3800000000000097,0.0
-93.12,174.59,-2.460000000000008,-0.060000000000002274
-93.12,174.61,-2.460000000000008,-0.03999999999999204
-93.12,174.63,-2.460000000000008,-0.020000000000010232
-93.12,174.64000000000001,-2.460000000000008,-0.009999999999990905
-93.12,174.66,-2.460000000000008,0.009999999999990905
-93.21000000000001,174.62,-2.5500000000000114,-0.030000000000001137
-93.2,174.64000000000001,-2.5400000000000063,-0.009999999999990905
-93.2,174.65,-2.5400000000000063,0.0
-93.2,174.67000000000002,-2.5400000000000063,0.020000000000010232
-93.2,174.69,-2.5400000000000063,0.03999999999999204
-93.29,174.64000000000001,-2.6300000000000097,-0.009999999999990905
-93.29,174.66,-2.6300000000000097,0.009999999999990905
-93.29,174.68,-2.6300000000000097,0.030000000000001137
-93.29,174.69,-2.6300000000000097,0.03999999999999204
-93.29,174.71,-2.6300000000000097,0.060000000000002274
-93.38,174.67000000000002,-2.719999999999999,0.020000000000010232
-93.38,174.69,-2.719999999999999,0.03999999999999204
-93.37,174.70000000000002,-2.710000000000008,0.05000000000001137
-93.37,174.72,-2.710000000000008,0.06999999999999318
-93.37,174.74,-2.710000000000008,0.09000000000000341
-93.46000000000001,174.69,-2.8000000000000114,0.03999999999999204
-93.46000000000001,174.71,-2.8000000000000114,0.060000000000002274
-93.46000000000001,174.73,-2.8000000000000114,0.07999999999998408
-93.46000000000001,174.75,-2.8000000000000114,0.09999999999999432
-93.45,174.76,-2.7900000000000063,0.10999999999998522
-93.55,174.72,-2.8900000000000006,0.06999999999999318
-93.55,174.74,-2.8900000000000006,0.09000000000000341
-93.54,174.76,-2.8800000000000097,0.10999999999998522
-93.54,174.78,-2.8800000000000097,0.12999999999999545
-93.54,174.79,-2.8800000000000097,0.13999999999998636
-93.63,174.75,-2.969999999999999,0.09999999999999432
-93.63,174.77,-2.969999999999999,0.12000000000000455
-93.63,174.79,-2.969999999999999,0.13999999999998636
-93.63,174.8,-2.969999999999999,0.15000000000000568
-93.63,174.82,-2.969999999999999,0.1699999999999875
-93.72,174.78,-3.0600000000000023,0.12999999999999545
-93.72,174.8,-3.0600000000000023,0.15000000000000568
-93.72,174.81,-3.0600000000000023,0.1599999999999966
-93.71000000000001,174.83,-3.0500000000000114,0.18000000000000682
-93.71000000000001,174.85,-3.0500000000000114,0.19999999999998863
-93.81,174.81,-3.1500000000000057,0.1599999999999966
-93.8,174.83,-3.1400000000000006,0.18000000000000682
-93.8,174.84,-3.1400000000000006,0.18999999999999773
-93.8,174.86,-3.1400000000000006,0.21000000000000796
-93.8,174.88,-3.1400000000000006,0.22999999999998977
-93.89,174.83,-3.230000000000004,0.18000000000000682
-93.89,174.85,-3.230000000000004,0.19999999999998863
-93.89,174.87,-3.230000000000004,0.21999999999999886
-93.88,174.89000000000001,-3.219999999999999,0.2400000000000091
-93.88,174.91,-3.219999999999999,0.2599999999999909
-93.97,174.86,-3.3100000000000023,0.21000000000000796
-93.97,174.88,-3.3100000000000023,0.22999999999998977
-93.97,174.9,-3.3100000000000023,0.25
-93.97,174.92000000000002,-3.3100000000000023,0.27000000000001023
-93.96000000000001,174.93,-3.3000000000000114,0.28000000000000114
-94.06,174.89000000000001,-3.4000000000000057,0.2400000000000091
-94.05,174.91,-3.3900000000000006,0.2599999999999909
-94.05,174.93,-3.3900000000000006,0.28000000000000114
-94.05,174.95000000000002,-3.3900000000000006,0.30000000000001137
-94.05,174.96,-3.3900000000000006,0.3100000000000023
-94.14,174.92000000000002,-3.480000000000004,0.27000000000001023
-94.14,174.94,-3.480000000000004,0.28999999999999204
-94.13,174.96,-3.469999999999999,0.3100000000000023
-94.13,174.98,-3.469999999999999,0.3299999999999841
-94.13,174.99,-3.469999999999999,0.3400000000000034
-94.22,174.95000000000002,-3.5600000000000023,0.30000000000001137
-94.22,174.97,-3.5600000000000023,0.3199999999999932
-94.22,174.99,-3.5600000000000023,0.3400000000000034
-94.21000000000001,175.01,-3.5500000000000114,0.3599999999999852
-94.21000000000001,175.03,-3.5500000000000114,0.37999999999999545
-94.31,174.99,-3.6500000000000057,0.3400000000000034
-94.31,175.01,-3.6500000000000057,0.3599999999999852
-94.3,175.03,-3.6400000000000006,0.37999999999999545
-94.3,175.05,-3.6400000000000006,0.4000000000000057
-94.3,175.06,-3.6400000000000006,0.4099999999999966
-94.4,175.03,-3.740000000000009,0.37999999999999545
-94.39,175.05,-3.730000000000004,0.4000000000000057
-94.39,175.06,-3.730000000000004,0.4099999999999966
-94.39,175.08,-3.730000000000004,0.4300000000000068
-94.39,175.1,-3.730000000000004,0.44999999999998863
-94.48,175.06,-3.8200000000000074,0.4099999999999966
-94.48,175.08,-3.8200000000000074,0.4300000000000068
-94.48,175.1,-3.8200000000000074,0.44999999999998863
-94.48,175.12,-3.8200000000000074,0.46999999999999886
-94.48,175.14000000000001,-3.8200000000000074,0.4900000000000091
-94.57000000000001,175.11,-3.910000000000011,0.46000000000000796
-94.56,175.13,-3.9000000000000057,0.47999999999998977
-94.56,175.15,-3.9000000000000057,0.5
-94.56,175.17000000000002,-3.9000000000000057,0.5200000000000102
-94.56,175.18,-3.9000000000000057,0.5300000000000011
-94.65,175.16,-3.990000000000009,0.5099999999999909
-94.65,175.17000000000002,-3.990000000000009,0.5200000000000102
-94.64,175.19,-3.980000000000004,0.539999999999992
-94.64,175.21,-3.980000000000004,0.5600000000000023
-94.64,175.23,-3.980000000000004,0.5799999999999841
-94.73,175.20000000000002,-4.070000000000007,0.5500000000000114
-94.73,175.22,-4.070000000000007,0.5699999999999932
-94.73,175.24,-4.070000000000007,0.5900000000000034
-94.72,175.26,-4.060000000000002,0.6099999999999852
-94.72,175.28,-4.060000000000002,0.6299999999999955
-94.81,175.25,-4.150000000000006,0.5999999999999943
-94.81,175.27,-4.150000000000006,0.6200000000000045
-94.81,175.29,-4.150000000000006,0.6399999999999864
-94.81,175.31,-4.150000000000006,0.6599999999999966
-94.8,175.33,-4.140000000000001,0.6800000000000068
-94.89,175.3,-4.230000000000004,0.6500000000000057
-94.89,175.32,-4.230000000000004,0.6699999999999875
-94.89,175.34,-4.230000000000004,0.6899999999999977
-94.89,175.35,-4.230000000000004,0.6999999999999886
-94.89,175.37,-4.230000000000004,0.7199999999999989
-94.98,175.34,-4.320000000000007,0.6899999999999977
-94.98,175.36,-4.320000000000007,0.710000000000008
-94.97,175.38,-4.310000000000002,0.7299999999999898
-94.97,175.4,-4.310000000000002,0.75
-94.97,175.42000000000002,-4.310000000000002,0.7700000000000102
-95.06,175.39000000000001,-4.400000000000006,0.7400000000000091
-95.06,175.41,-4.400000000000006,0.7599999999999909
-95.06,175.43,-4.400000000000006,0.7800000000000011
-95.06,175.45000000000002,-4.400000000000006,0.8000000000000114
-95.05,175.47,-4.390000000000001,0.8199999999999932
-95.14,175.44,-4.480000000000004,0.789999999999992
-95.14,175.46,-4.480000000000004,0.8100000000000023
-95.14,175.48,-4.480000000000004,0.8299999999999841
-95.14,175.5,-4.480000000000004,0.8499999999999943
-95.14,175.52,-4.480000000000004,0.8700000000000045
-95.19,175.53,-4.530000000000001,0.8799999999999955
-95.19,175.54,-4.530000000000001,0.8899999999999864
-95.18,175.56,-4.52000000000001,0.9099999999999966
-95.18,175.58,-4.52000000000001,0.9300000000000068
-95.18,175.6,-4.52000000000001,0.9499999999999886
-95.22,175.62,-4.560000000000002,0.9699999999999989
-95.22,175.64000000000001,-4.560000000000002,0.9900000000000091
-95.22,175.65,-4.560000000000002,1.0
-95.22,175.67000000000002,-4.560000000000002,1.0200000000000102
-95.22,175.69,-4.560000000000002,1.039999999999992
-95.31,175.66,-4.650000000000006,1.009999999999991
-95.3,175.68,-4.640000000000001,1.0300000000000011
-95.3,175.70000000000002,-4.640000000000001,1.0500000000000114
-95.3,175.72,-4.640000000000001,1.0699999999999932
-95.3,175.74,-4.640000000000001,1.0900000000000034
-95.39,175.70000000000002,-4.730000000000004,1.0500000000000114
-95.39,175.72,-4.730000000000004,1.0699999999999932
-95.39,175.74,-4.730000000000004,1.0900000000000034
-95.39,175.76,-4.730000000000004,1.1099999999999852
-95.39,175.78,-4.730000000000004,1.1299999999999955
-95.49,175.75,-4.829999999999998,1.0999999999999943
-95.48,175.77,-4.820000000000007,1.1200000000000045
-95.48,175.79,-4.820000000000007,1.1399999999999864
-95.48,175.81,-4.820000000000007,1.1599999999999966
-95.48,175.83,-4.820000000000007,1.1800000000000068
-95.58,175.8,-4.920000000000002,1.1500000000000057
-95.58,175.82,-4.920000000000002,1.1699999999999875
-95.58,175.84,-4.920000000000002,1.1899999999999977
-95.58,175.86,-4.920000000000002,1.210000000000008
-95.57000000000001,175.88,-4.910000000000011,1.2299999999999898
-95.67,175.84,-5.010000000000005,1.1899999999999977
-95.67,175.86,-5.010000000000005,1.210000000000008
-95.67,175.88,-5.010000000000005,1.2299999999999898
-95.67,175.9,-5.010000000000005,1.25
-95.67,175.92000000000002,-5.010000000000005,1.2700000000000102
-95.76,175.89000000000001,-5.1000000000000085,1.240000000000009
-95.76,175.91,-5.1000000000000085,1.259999999999991
-95.76,175.93,-5.1000000000000085,1.2800000000000011
-95.76,175.95000000000002,-5.1000000000000085,1.3000000000000114
-95.76,175.97,-5.1000000000000085,1.3199999999999932
-95.85000000000001,175.94,-5.190000000000012,1.289999999999992
-95.85000000000001,175.96,-5.190000000000012,1.3100000000000023
-95.85000000000001,175.98,-5.190000000000012,1.329999999999984
-95.85000000000001,176.0,-5.190000000000012,1.3499999999999943
-95.85000000000001,176.02,-5.190000000000012,1.3700000000000045
-95.95,175.98,-5.290000000000006,1.329999999999984
-95.94,176.0,-5.280000000000001,1.3499999999999943
-95.94,176.02,-5.280000000000001,1.3700000000000045
-95.94,176.04,-5.280000000000001,1.3899999999999864
-95.94,176.06,-5.280000000000001,1.4099999999999966
-96.04,176.03,-5.38000000000001,1.3799999999999955
-96.04,176.05,-5.38000000000001,1.4000000000000057
-96.04,176.07,-5.38000000000001,1.4199999999999875
-96.03,176.09,-5.3700000000000045,1.4399999999999977
-96.03,176.11,-5.3700000000000045,1.460000000000008
-96.13,176.07,-5.469999999999999,1.4199999999999875
-96.13,176.09,-5.469999999999999,1.4399999999999977
-96.13,176.11,-5.469999999999999,1.460000000000008
-96.13,176.13,-5.469999999999999,1.4799999999999898
-96.12,176.15,-5.460000000000008,1.5
-96.22,176.11,-5.560000000000002,1.460000000000008
-96.22,176.13,-5.560000000000002,1.4799999999999898
-96.21000000000001,176.15,-5.550000000000011,1.5
-96.21000000000001,176.17000000000002,-5.550000000000011,1.5200000000000102
-96.21000000000001,176.19,-5.550000000000011,1.539999999999992
-96.31,176.16,-5.650000000000006,1.509999999999991
-96.3,176.18,-5.640000000000001,1.5300000000000011
-96.3,176.20000000000002,-5.640000000000001,1.5500000000000114
-96.3,176.22,-5.640000000000001,1.5699999999999932
-96.3,176.24,-5.640000000000001,1.5900000000000034
-96.39,176.20000000000002,-5.730000000000004,1.5500000000000114
-96.39,176.22,-5.730000000000004,1.5699999999999932
-96.39,176.24,-5.730000000000004,1.5900000000000034
-96.39,176.26,-5.730000000000004,1.6099999999999852
-96.39,176.28,-5.730000000000004,1.6299999999999955
-96.48,176.24,-5.820000000000007,1.5900000000000034
-96.48,176.26,-5.820000000000007,1.6099999999999852
-96.48,176.28,-5.820000000000007,1.6299999999999955
-96.48,176.3,-5.820000000000007,1.6500000000000057
-96.47,176.32,-5.810000000000002,1.6699999999999875
-96.57000000000001,176.28,-5.910000000000011,1.6299999999999955
-96.57000000000001,176.3,-5.910000000000011,1.6500000000000057
-96.56,176.32,-5.900000000000006,1.6699999999999875
-96.56,176.34,-5.900000000000006,1.6899999999999977
-96.56,176.36,-5.900000000000006,1.710000000000008
-96.66,176.33,-6.0,1.6800000000000068
-96.65,176.35,-5.990000000000009,1.6999999999999886
-96.65,176.37,-5.990000000000009,1.7199999999999989
-96.65,176.39000000000001,-5.990000000000009,1.740000000000009
-96.65,176.41,-5.990000000000009,1.759999999999991
-96.74000000000001,176.37,-6.0800000000000125,1.7199999999999989
-96.74000000000001,176.39000000000001,-6.0800000000000125,1.740000000000009
-96.74000000000001,176.41,-6.0800000000000125,1.759999999999991
-96.74000000000001,176.43,-6.0800000000000125,1.7800000000000011
-96.73,176.45000000000002,-6.070000000000007,1.8000000000000114
-96.83,176.41,-6.170000000000002,1.759999999999991
-96.83,176.43,-6.170000000000002,1.7800000000000011
-96.82000000000001,176.45000000000002,-6.160000000000011,1.8000000000000114
-96.82000000000001,176.47,-6.160000000000011,1.8199999999999932
-96.82000000000001,176.49,-6.160000000000011,1.8400000000000034
-96.92,176.46,-6.260000000000005,1.8100000000000023
-96.91,176.48,-6.25,1.829999999999984
-96.91,176.5,-6.25,1.8499999999999943
-96.91,176.52,-6.25,1.8700000000000045
-96.91,176.54,-6.25,1.8899999999999864
-97.0,176.5,-6.340000000000003,1.8499999999999943
-97.0,176.52,-6.340000000000003,1.8700000000000045
-97.0,176.54,-6.340000000000003,1.8899999999999864
-97.0,176.56,-6.340000000000003,1.9099999999999966
-96.99000000000001,176.58,-6.3300000000000125,1.9300000000000068
-97.09,176.54,-6.430000000000007,1.8899999999999864
-97.09,176.56,-6.430000000000007,1.9099999999999966
-97.08,176.58,-6.420000000000002,1.9300000000000068
-97.08,176.6,-6.420000000000002,1.9499999999999886
-97.08,176.62,-6.420000000000002,1.9699999999999989
-97.18,176.58,-6.52000000000001,1.9300000000000068
-97.17,176.6,-6.510000000000005,1.9499999999999886
-97.17,176.62,-6.510000000000005,1.9699999999999989
-97.17,176.64000000000001,-6.510000000000005,1.990000000000009
-97.16,176.66,-6.5,2.009999999999991
-97.26,176.62,-6.6000000000000085,1.9699999999999989
-97.26,176.64000000000001,-6.6000000000000085,1.990000000000009
-97.25,176.66,-6.590000000000003,2.009999999999991
-97.25,176.68,-6.590000000000003,2.030000000000001
-97.25,176.70000000000002,-6.590000000000003,2.0500000000000114
-97.34,176.66,-6.680000000000007,2.009999999999991
-97.34,176.68,-6.680000000000007,2.030000000000001
-97.34,176.70000000000002,-6.680000000000007,2.0500000000000114
-97.33,176.72,-6.670000000000002,2.069999999999993
-97.33,176.73,-6.670000000000002,2.079999999999984
-97.42,176.69,-6.760000000000005,2.039999999999992
-97.42,176.71,-6.760000000000005,2.0600000000000023
-97.42,176.73,-6.760000000000005,2.079999999999984
-97.41,176.75,-6.75,2.0999999999999943
-97.41,176.77,-6.75,2.1200000000000045
-97.44,176.79,-6.780000000000001,2.1399999999999864
-97.43,176.8,-6.77000000000001,2.1500000000000057
-97.43,176.82,-6.77000000000001,2.1699999999999875
-97.43,176.84,-6.77000000000001,2.1899999999999977
-97.42,176.86,-6.760000000000005,2.210000000000008
-97.5,176.81,-6.840000000000003,2.1599999999999966
-97.5,176.83,-6.840000000000003,2.180000000000007
-97.5,176.85,-6.840000000000003,2.1999999999999886
-97.49000000000001,176.87,-6.8300000000000125,2.219999999999999
-97.49000000000001,176.89000000000001,-6.8300000000000125,2.240000000000009
-97.57000000000001,176.84,-6.910000000000011,2.1899999999999977
-97.57000000000001,176.86,-6.910000000000011,2.210000000000008
-97.56,176.88,-6.900000000000006,2.2299999999999898
-97.56,176.9,-6.900000000000006,2.25
-97.55,176.92000000000002,-6.890000000000001,2.2700000000000102
-97.64,176.87,-6.980000000000004,2.219999999999999
-97.63,176.89000000000001,-6.969999999999999,2.240000000000009
-97.63,176.91,-6.969999999999999,2.259999999999991
-97.62,176.93,-6.960000000000008,2.280000000000001
-97.62,176.95000000000002,-6.960000000000008,2.3000000000000114
-97.7,176.89000000000001,-7.040000000000006,2.240000000000009
-97.7,176.91,-7.040000000000006,2.259999999999991
-97.69,176.93,-7.030000000000001,2.280000000000001
-97.69,176.95000000000002,-7.030000000000001,2.3000000000000114
-97.68,176.97,-7.02000000000001,2.319999999999993
-97.76,176.92000000000002,-7.1000000000000085,2.2700000000000102
-97.76,176.94,-7.1000000000000085,2.289999999999992
-97.75,176.96,-7.090000000000003,2.3100000000000023
-97.75,176.98,-7.090000000000003,2.329999999999984
-97.75,177.0,-7.090000000000003,2.3499999999999943
-97.77,177.01,-7.109999999999999,2.359999999999985
-97.77,177.03,-7.109999999999999,2.3799999999999955
-97.77,177.05,-7.109999999999999,2.4000000000000057
-97.76,177.07,-7.1000000000000085,2.4199999999999875
-97.79,177.08,-7.13000000000001,2.430000000000007
-97.79,177.1,-7.13000000000001,2.4499999999999886
-97.78,177.11,-7.1200000000000045,2.460000000000008
-97.78,177.13,-7.1200000000000045,2.4799999999999898
-97.77,177.15,-7.109999999999999,2.5
-97.77,177.17000000000002,-7.109999999999999,2.5200000000000102
-97.8,177.18,-7.140000000000001,2.530000000000001
-97.79,177.20000000000002,-7.13000000000001,2.5500000000000114
-97.79,177.22,-7.13000000000001,2.569999999999993
-97.78,177.24,-7.1200000000000045,2.5900000000000034
-97.78,177.26,-7.1200000000000045,2.609999999999985
-97.82000000000001,177.27,-7.160000000000011,2.6200000000000045
-97.81,177.29,-7.150000000000006,2.6399999999999864
-97.81,177.31,-7.150000000000006,2.6599999999999966
-97.8,177.33,-7.140000000000001,2.680000000000007
-97.8,177.35,-7.140000000000001,2.6999999999999886
-97.84,177.35,-7.180000000000007,2.6999999999999886
-97.84,177.37,-7.180000000000007,2.719999999999999
-97.83,177.39000000000001,-7.170000000000002,2.740000000000009
-97.83,177.41,-7.170000000000002,2.759999999999991
-97.82000000000001,177.43,-7.160000000000011,2.780000000000001
-97.87,177.43,-7.210000000000008,2.780000000000001
-97.87,177.45000000000002,-7.210000000000008,2.8000000000000114
-97.86,177.47,-7.200000000000003,2.819999999999993
-97.86,177.49,-7.200000000000003,2.8400000000000034
-97.85000000000001,177.51,-7.190000000000012,2.859999999999985
-97.9,177.51,-7.240000000000009,2.859999999999985
-97.89,177.53,-7.230000000000004,2.8799999999999955
-97.89,177.55,-7.230000000000004,2.9000000000000057
-97.88,177.57,-7.219999999999999,2.9199999999999875
-97.88,177.59,-7.219999999999999,2.9399999999999977
-97.92,177.59,-7.260000000000005,2.9399999999999977
-97.91,177.61,-7.25,2.960000000000008
-97.91,177.63,-7.25,2.9799999999999898
-97.9,177.65,-7.240000000000009,3.0
-97.9,177.67000000000002,-7.240000000000009,3.0200000000000102
-97.95,177.67000000000002,-7.290000000000006,3.0200000000000102
-97.94,177.69,-7.280000000000001,3.039999999999992
-97.93,177.71,-7.27000000000001,3.0600000000000023
-97.93,177.73,-7.27000000000001,3.079999999999984
-97.92,177.75,-7.260000000000005,3.0999999999999943
-97.97,177.75,-7.310000000000002,3.0999999999999943
-97.97,177.77,-7.310000000000002,3.1200000000000045
-97.96000000000001,177.79,-7.300000000000011,3.1399999999999864
-97.96000000000001,177.81,-7.300000000000011,3.1599999999999966
-97.95,177.83,-7.290000000000006,3.180000000000007
-98.0,177.83,-7.340000000000003,3.180000000000007
-98.0,177.85,-7.340000000000003,3.1999999999999886
-97.99000000000001,177.86,-7.3300000000000125,3.210000000000008
-97.99000000000001,177.88,-7.3300000000000125,3.2299999999999898
-97.98,177.9,-7.320000000000007,3.25
-98.03,177.9,-7.3700000000000045,3.25
-98.03,177.92000000000002,-7.3700000000000045,3.2700000000000102
-98.02,177.94,-7.359999999999999,3.289999999999992
-98.01,177.96,-7.3500000000000085,3.3100000000000023
-98.01,177.98,-7.3500000000000085,3.329999999999984
-98.06,177.98,-7.400000000000006,3.329999999999984
-98.05,178.0,-7.390000000000001,3.3499999999999943
-98.05,178.02,-7.390000000000001,3.3700000000000045
-98.04,178.04,-7.38000000000001,3.3899999999999864
-98.04,178.05,-7.38000000000001,3.4000000000000057
-98.09,178.05,-7.430000000000007,3.4000000000000057
-98.08,178.07,-7.420000000000002,3.4199999999999875
-98.07000000000001,178.09,-7.410000000000011,3.4399999999999977
-98.07000000000001,178.11,-7.410000000000011,3.460000000000008
-98.06,178.13,-7.400000000000006,3.4799999999999898
-98.11,178.13,-7.450000000000003,3.4799999999999898
-98.11,178.15,-7.450000000000003,3.5
-98.10000000000001,178.16,-7.440000000000012,3.509999999999991
-98.10000000000001,178.18,-7.440000000000012,3.530000000000001
-98.09,178.20000000000002,-7.430000000000007,3.5500000000000114
-98.14,178.20000000000002,-7.480000000000004,3.5500000000000114
-98.13,178.22,-7.469999999999999,3.569999999999993
-98.13,178.24,-7.469999999999999,3.5900000000000034
-98.12,178.26,-7.460000000000008,3.609999999999985
-98.12,178.28,-7.460000000000008,3.6299999999999955
-98.17,178.27,-7.510000000000005,3.6200000000000045
-98.16,178.29,-7.5,3.6399999999999864
-98.16,178.31,-7.5,3.6599999999999966
-98.15,178.33,-7.490000000000009,3.680000000000007
-98.15,178.35,-7.490000000000009,3.6999999999999886
-98.2,178.34,-7.540000000000006,3.6899999999999977
-98.2,178.36,-7.540000000000006,3.710000000000008
-98.19,178.38,-7.530000000000001,3.7299999999999898
-98.18,178.4,-7.52000000000001,3.75
-98.18,178.42000000000002,-7.52000000000001,3.7700000000000102
-98.23,178.41,-7.570000000000007,3.759999999999991
-98.23,178.43,-7.570000000000007,3.780000000000001
-98.22,178.45000000000002,-7.560000000000002,3.8000000000000114
-98.21000000000001,178.47,-7.550000000000011,3.819999999999993
-98.21000000000001,178.49,-7.550000000000011,3.8400000000000034
-98.27,178.48,-7.609999999999999,3.829999999999984
-98.27,178.5,-7.609999999999999,3.8499999999999943
-98.26,178.51,-7.6000000000000085,3.859999999999985
-98.25,178.53,-7.590000000000003,3.8799999999999955
-98.25,178.55,-7.590000000000003,3.9000000000000057
-98.33,178.53,-7.670000000000002,3.8799999999999955
-98.32000000000001,178.55,-7.660000000000011,3.9000000000000057
-98.32000000000001,178.56,-7.660000000000011,3.9099999999999966
-98.31,178.58,-7.650000000000006,3.930000000000007
-98.3,178.6,-7.640000000000001,3.9499999999999886
-98.34,178.6,-7.680000000000007,3.9499999999999886
-98.34,178.62,-7.680000000000007,3.969999999999999
-98.33,178.64000000000001,-7.670000000000002,3.990000000000009
-98.32000000000001,178.66,-7.660000000000011,4.009999999999991
-98.31,178.68,-7.650000000000006,4.030000000000001
-98.43,178.63,-7.77000000000001,3.9799999999999898
-98.42,178.65,-7.760000000000005,4.0
-98.41,178.67000000000002,-7.75,4.02000000000001
-98.4,178.69,-7.740000000000009,4.039999999999992
-98.4,178.70000000000002,-7.740000000000009,4.050000000000011
-98.46000000000001,178.69,-7.800000000000011,4.039999999999992
-98.45,178.71,-7.790000000000006,4.060000000000002
-98.44,178.73,-7.780000000000001,4.079999999999984
-98.44,178.75,-7.780000000000001,4.099999999999994
-98.43,178.77,-7.77000000000001,4.1200000000000045
-98.54,178.72,-7.88000000000001,4.069999999999993
-98.53,178.74,-7.8700000000000045,4.090000000000003
-98.52,178.76,-7.859999999999999,4.109999999999985
-98.51,178.78,-7.8500000000000085,4.1299999999999955
-98.5,178.79,-7.840000000000003,4.139999999999986
-98.62,178.74,-7.960000000000008,4.090000000000003
-98.61,178.76,-7.950000000000003,4.109999999999985
-98.60000000000001,178.78,-7.940000000000012,4.1299999999999955
-98.59,178.8,-7.930000000000007,4.150000000000006
-98.58,178.82,-7.920000000000002,4.1699999999999875
-98.7,178.77,-8.040000000000006,4.1200000000000045
-98.69,178.79,-8.030000000000001,4.139999999999986
-98.68,178.81,-8.02000000000001,4.159999999999997
-98.67,178.83,-8.010000000000005,4.180000000000007
-98.66,178.85,-8.0,4.199999999999989
-98.75,178.8,-8.090000000000003,4.150000000000006
-98.75,178.82,-8.090000000000003,4.1699999999999875
-98.74000000000001,178.84,-8.080000000000013,4.189999999999998
-98.73,178.86,-8.070000000000007,4.210000000000008
-98.72,178.88,-8.060000000000002,4.22999999999999
-98.81,178.84,-8.150000000000006,4.189999999999998
-98.8,178.86,-8.14,4.210000000000008
-98.79,178.88,-8.13000000000001,4.22999999999999
-98.78,178.9,-8.120000000000005,4.25
-98.77,178.92000000000002,-8.11,4.27000000000001
-98.81,178.91,-8.150000000000006,4.259999999999991
-98.8,178.93,-8.14,4.280000000000001
-98.79,178.95000000000002,-8.13000000000001,4.300000000000011
-98.78,178.97,-8.120000000000005,4.319999999999993
-98.77,178.99,-8.11,4.340000000000003
-98.81,178.98,-8.150000000000006,4.329999999999984
-98.8,179.0,-8.14,4.349999999999994
-98.79,179.02,-8.13000000000001,4.3700000000000045
-98.78,179.04,-8.120000000000005,4.389999999999986
-98.77,179.06,-8.11,4.409999999999997
-98.81,179.06,-8.150000000000006,4.409999999999997
-98.8,179.08,-8.14,4.430000000000007
-98.79,179.1,-8.13000000000001,4.449999999999989
-98.78,179.12,-8.120000000000005,4.469999999999999
-98.77,179.14000000000001,-8.11,4.490000000000009
-98.81,179.13,-8.150000000000006,4.47999999999999
-98.8,179.15,-8.14,4.5
-98.79,179.17000000000002,-8.13000000000001,4.52000000000001
-98.78,179.19,-8.120000000000005,4.539999999999992
-98.77,179.21,-8.11,4.560000000000002
-98.81,179.20000000000002,-8.150000000000006,4.550000000000011
-98.8,179.22,-8.14,4.569999999999993
-98.78,179.24,-8.120000000000005,4.590000000000003
-98.77,179.26,-8.11,4.609999999999985
-98.76,179.28,-8.100000000000009,4.6299999999999955
-98.8,179.27,-8.14,4.6200000000000045
-98.79,179.29,-8.13000000000001,4.639999999999986
-98.78,179.31,-8.120000000000005,4.659999999999997
-98.77,179.33,-8.11,4.680000000000007
-98.75,179.35,-8.090000000000003,4.699999999999989
-98.8,179.35,-8.14,4.699999999999989
-98.78,179.37,-8.120000000000005,4.719999999999999
-98.77,179.39000000000001,-8.11,4.740000000000009
-98.76,179.41,-8.100000000000009,4.759999999999991
-98.75,179.43,-8.090000000000003,4.780000000000001
-98.79,179.42000000000002,-8.13000000000001,4.77000000000001
-98.77,179.44,-8.11,4.789999999999992
-98.76,179.46,-8.100000000000009,4.810000000000002
-98.75,179.48,-8.090000000000003,4.829999999999984
-98.74000000000001,179.5,-8.080000000000013,4.849999999999994
-98.78,179.49,-8.120000000000005,4.840000000000003
-98.77,179.51,-8.11,4.859999999999985
-98.75,179.53,-8.090000000000003,4.8799999999999955
-98.74000000000001,179.55,-8.080000000000013,4.900000000000006
-98.73,179.57,-8.070000000000007,4.9199999999999875
-98.77,179.56,-8.11,4.909999999999997
-98.75,179.58,-8.090000000000003,4.930000000000007
-98.74000000000001,179.6,-8.080000000000013,4.949999999999989
-98.73,179.62,-8.070000000000007,4.969999999999999
-98.71000000000001,179.64000000000001,-8.050000000000011,4.990000000000009
-98.76,179.63,-8.100000000000009,4.97999999999999
-98.74000000000001,179.65,-8.080000000000013,5.0
-98.73,179.67000000000002,-8.070000000000007,5.02000000000001
-98.72,179.69,-8.060000000000002,5.039999999999992
-98.7,179.71,-8.040000000000006,5.060000000000002
-98.75,179.69,-8.090000000000003,5.039999999999992
-98.73,179.71,-8.070000000000007,5.060000000000002
-98.72,179.74,-8.060000000000002,5.090000000000003
-98.7,179.76,-8.040000000000006,5.109999999999985
-98.75,179.74,-8.090000000000003,5.090000000000003
-98.73,179.76,-8.070000000000007,5.109999999999985
-98.72,179.78,-8.060000000000002,5.1299999999999955
-98.7,179.8,-8.040000000000006,5.150000000000006
-98.69,179.82,-8.030000000000001,5.1699999999999875
-98.67,179.84,-8.010000000000005,5.189999999999998
-98.72,179.83,-8.060000000000002,5.180000000000007
-98.71000000000001,179.85,-8.050000000000011,5.199999999999989
-98.69,179.87,-8.030000000000001,5.219999999999999
-98.68,179.89000000000001,-8.02000000000001,5.240000000000009
-98.66,179.91,-8.0,5.259999999999991
-98.71000000000001,179.9,-8.050000000000011,5.25
-98.69,179.92000000000002,-8.030000000000001,5.27000000000001
-98.68,179.94,-8.02000000000001,5.289999999999992
-98.66,179.96,-8.0,5.310000000000002
-98.64,179.98,-7.980000000000004,5.329999999999984
-98.69,179.96,-8.030000000000001,5.310000000000002
-98.68,179.98,-8.02000000000001,5.329999999999984
-98.66,180.0,-8.0,5.349999999999994
-98.64,180.03,-7.980000000000004,5.3799999999999955
-98.63,180.05,-7.969999999999999,5.400000000000006
-98.68,180.03,-8.02000000000001,5.3799999999999955
-98.66,180.05,-8.0,5.400000000000006
-98.64,180.07,-7.980000000000004,5.4199999999999875
-98.63,180.09,-7.969999999999999,5.439999999999998
-98.61,180.11,-7.950000000000003,5.460000000000008
-98.66,180.09,-8.0,5.439999999999998
-98.64,180.11,-7.980000000000004,5.460000000000008
-98.63,180.14000000000001,-7.969999999999999,5.490000000000009
-98.61,180.16,-7.950000000000003,5.509999999999991
-98.59,180.18,-7.930000000000007,5.530000000000001
-98.64,180.16,-7.980000000000004,5.509999999999991
-98.63,180.18,-7.969999999999999,5.530000000000001
-98.61,180.20000000000002,-7.950000000000003,5.550000000000011
-98.59,180.22,-7.930000000000007,5.569999999999993
-98.57000000000001,180.24,-7.910000000000011,5.590000000000003
-98.62,180.22,-7.960000000000008,5.569999999999993
-98.61,180.24,-7.950000000000003,5.590000000000003
-98.59,180.26,-7.930000000000007,5.609999999999985
-98.57000000000001,180.28,-7.910000000000011,5.6299999999999955
-98.62,180.26,-7.960000000000008,5.609999999999985
-98.61,180.28,-7.950000000000003,5.6299999999999955
-98.59,180.31,-7.930000000000007,5.659999999999997
-98.57000000000001,180.33,-7.910000000000011,5.680000000000007
-98.55,180.35,-7.890000000000001,5.699999999999989
-98.54,180.37,-7.88000000000001,5.719999999999999
-98.59,180.35,-7.930000000000007,5.699999999999989
-98.57000000000001,180.37,-7.910000000000011,5.719999999999999
-98.55,180.39000000000001,-7.890000000000001,5.740000000000009
-98.53,180.41,-7.8700000000000045,5.759999999999991
-98.52,180.43,-7.859999999999999,5.780000000000001
-98.57000000000001,180.41,-7.910000000000011,5.759999999999991
-98.55,180.43,-7.890000000000001,5.780000000000001
-98.53,180.45000000000002,-7.8700000000000045,5.800000000000011
-98.51,180.47,-7.8500000000000085,5.819999999999993
-98.49000000000001,180.49,-7.8300000000000125,5.840000000000003
-98.55,180.47,-7.890000000000001,5.819999999999993
-98.53,180.49,-7.8700000000000045,5.840000000000003
-98.51,180.51,-7.8500000000000085,5.859999999999985
-98.49000000000001,180.53,-7.8300000000000125,5.8799999999999955
-98.47,180.56,-7.810000000000002,5.909999999999997
-98.52,180.53,-7.859999999999999,5.8799999999999955
-98.51,180.55,-7.8500000000000085,5.900000000000006
-98.49000000000001,180.57,-7.8300000000000125,5.9199999999999875
-98.47,180.6,-7.810000000000002,5.949999999999989
-98.45,180.62,-7.790000000000006,5.969999999999999
-98.43,180.64000000000001,-7.77000000000001,5.990000000000009
-98.41,180.66,-7.75,6.009999999999991
-98.39,180.68,-7.730000000000004,6.030000000000001
-98.37,180.70000000000002,-7.710000000000008,6.050000000000011
-98.35000000000001,180.73,-7.690000000000012,6.079999999999984
-98.33,180.75,-7.670000000000002,6.099999999999994
-98.31,180.77,-7.650000000000006,6.1200000000000045
-98.29,180.79,-7.63000000000001,6.139999999999986
-98.27,180.81,-7.609999999999999,6.159999999999997
-98.25,180.84,-7.590000000000003,6.189999999999998
-98.23,180.86,-7.570000000000007,6.210000000000008
-98.21000000000001,180.88,-7.550000000000011,6.22999999999999
-98.19,180.9,-7.530000000000001,6.25
-98.17,180.92000000000002,-7.510000000000005,6.27000000000001
-98.15,180.95000000000002,-7.490000000000009,6.300000000000011
-98.13,180.97,-7.469999999999999,6.319999999999993
-98.11,180.99,-7.450000000000003,6.340000000000003
-98.09,181.01,-7.430000000000007,6.359999999999985
-98.07000000000001,181.04,-7.410000000000011,6.389999999999986
-98.05,181.06,-7.390000000000001,6.409999999999997
-98.03,181.08,-7.3700000000000045,6.430000000000007
-98.0,181.1,-7.340000000000003,6.449999999999989
-97.98,181.13,-7.320000000000007,6.47999999999999
-97.96000000000001,181.15,-7.300000000000011,6.5
-97.94,181.17000000000002,-7.280000000000001,6.52000000000001
-97.92,181.19,-7.260000000000005,6.539999999999992
-97.9,181.22,-7.240000000000009,6.569999999999993
-97.88,181.24,-7.219999999999999,6.590000000000003
-97.85000000000001,181.26,-7.190000000000012,6.609999999999985
-97.83,181.28,-7.170000000000002,6.6299999999999955
-97.81,181.31,-7.150000000000006,6.659999999999997
-97.79,181.33,-7.13000000000001,6.680000000000007
-97.77,181.35,-7.109999999999999,6.699999999999989
-97.74000000000001,181.37,-7.0800000000000125,6.719999999999999
-97.72,181.4,-7.060000000000002,6.75
-97.7,181.42000000000002,-7.040000000000006,6.77000000000001
-97.68,181.44,-7.02000000000001,6.789999999999992
-97.66,181.46,-7.0,6.810000000000002
-97.63,181.49,-6.969999999999999,6.840000000000003
-97.61,181.51,-6.950000000000003,6.859999999999985
-97.59,181.53,-6.930000000000007,6.8799999999999955
-97.57000000000001,181.55,-6.910000000000011,6.900000000000006
-97.55,181.58,-6.890000000000001,6.930000000000007
-97.52,181.6,-6.859999999999999,6.949999999999989
-97.5,181.62,-6.840000000000003,6.969999999999999
-97.48,181.64000000000001,-6.820000000000007,6.990000000000009
-97.46000000000001,181.66,-6.800000000000011,7.009999999999991
-97.44,181.69,-6.780000000000001,7.039999999999992
-97.41,181.71,-6.75,7.060000000000002
-97.39,181.73,-6.730000000000004,7.079999999999984
-97.37,181.75,-6.710000000000008,7.099999999999994
-97.35000000000001,181.78,-6.690000000000012,7.1299999999999955
-97.32000000000001,181.8,-6.660000000000011,7.150000000000006
-97.3,181.82,-6.640000000000001,7.1699999999999875
-97.28,181.84,-6.6200000000000045,7.189999999999998
-97.26,181.86,-6.6000000000000085,7.210000000000008
-97.23,181.89000000000001,-6.570000000000007,7.240000000000009
-97.21000000000001,181.91,-6.550000000000011,7.259999999999991
-97.19,181.93,-6.530000000000001,7.280000000000001
-97.17,181.95000000000002,-6.510000000000005,7.300000000000011
-97.14,181.98,-6.480000000000004,7.329999999999984
-97.12,182.0,-6.460000000000008,7.349999999999994
-97.10000000000001,182.02,-6.440000000000012,7.3700000000000045
-97.07000000000001,182.04,-6.410000000000011,7.389999999999986
-97.05,182.07,-6.390000000000001,7.4199999999999875
-97.03,182.09,-6.3700000000000045,7.439999999999998
-97.0,182.11,-6.340000000000003,7.460000000000008
-96.98,182.13,-6.320000000000007,7.47999999999999
-96.96000000000001,182.16,-6.300000000000011,7.509999999999991
-96.93,182.18,-6.27000000000001,7.530000000000001
-96.91,182.20000000000002,-6.25,7.550000000000011
-96.88,182.22,-6.219999999999999,7.569999999999993
-96.86,182.25,-6.200000000000003,7.599999999999994
-96.84,182.27,-6.180000000000007,7.6200000000000045
-96.81,182.29,-6.150000000000006,7.639999999999986
-96.79,182.32,-6.13000000000001,7.6699999999999875
-96.76,182.34,-6.1000000000000085,7.689999999999998
-96.74000000000001,182.36,-6.0800000000000125,7.710000000000008
-96.72,182.38,-6.060000000000002,7.72999999999999
-96.69,182.41,-6.030000000000001,7.759999999999991
-96.67,182.43,-6.010000000000005,7.780000000000001
-96.64,182.45000000000002,-5.980000000000004,7.800000000000011
-96.62,182.48,-5.960000000000008,7.829999999999984
-96.59,182.5,-5.930000000000007,7.849999999999994
-96.57000000000001,182.52,-5.910000000000011,7.8700000000000045
-96.54,182.55,-5.88000000000001,7.900000000000006
-96.52,182.57,-5.859999999999999,7.9199999999999875
-96.49000000000001,182.59,-5.8300000000000125,7.939999999999998
-96.47,182.62,-5.810000000000002,7.969999999999999
-96.44,182.64000000000001,-5.780000000000001,7.990000000000009
-96.42,182.66,-5.760000000000005,8.009999999999991
-96.39,182.69,-5.730000000000004,8.039999999999992
-96.37,182.71,-5.710000000000008,8.060000000000002
-96.34,182.73,-5.680000000000007,8.079999999999984
-96.32000000000001,182.76,-5.660000000000011,8.109999999999985
-96.29,182.78,-5.63000000000001,8.129999999999995
-96.26,182.8,-5.6000000000000085,8.150000000000006
-96.24000000000001,182.83,-5.5800000000000125,8.180000000000007
-96.21000000000001,182.85,-5.550000000000011,8.199999999999989
-96.19,182.87,-5.530000000000001,8.219999999999999
-96.16,182.9,-5.5,8.25
-96.14,182.92000000000002,-5.480000000000004,8.27000000000001
-96.11,182.94,-5.450000000000003,8.289999999999992
-96.08,182.97,-5.420000000000002,8.319999999999993
-96.06,182.99,-5.400000000000006,8.340000000000003
-96.03,183.01,-5.3700000000000045,8.359999999999985
-96.01,183.04,-5.3500000000000085,8.389999999999986
-95.98,183.06,-5.320000000000007,8.409999999999997
-95.95,183.08,-5.290000000000006,8.430000000000007
-95.93,183.11,-5.27000000000001,8.460000000000008
-95.9,183.13,-5.240000000000009,8.47999999999999
-95.88,183.16,-5.219999999999999,8.509999999999991
-95.85000000000001,183.18,-5.190000000000012,8.530000000000001
-95.82000000000001,183.20000000000002,-5.160000000000011,8.550000000000011
-95.8,183.23,-5.140000000000001,8.579999999999984
-95.77,183.25,-5.109999999999999,8.599999999999994
-95.74000000000001,183.27,-5.0800000000000125,8.620000000000005
-95.72,183.3,-5.060000000000002,8.650000000000006
-95.69,183.32,-5.030000000000001,8.669999999999987
-95.66,183.34,-5.0,8.689999999999998
-95.64,183.37,-4.980000000000004,8.719999999999999
-95.61,183.39000000000001,-4.950000000000003,8.740000000000009
-95.58,183.42000000000002,-4.920000000000002,8.77000000000001
-95.56,183.44,-4.900000000000006,8.789999999999992
-95.53,183.46,-4.8700000000000045,8.810000000000002
-95.5,183.49,-4.840000000000003,8.840000000000003
-95.48,183.51,-4.820000000000007,8.859999999999985
-95.45,183.53,-4.790000000000006,8.879999999999995
-95.42,183.56,-4.760000000000005,8.909999999999997
-95.4,183.58,-4.740000000000009,8.930000000000007
-95.37,183.61,-4.710000000000008,8.960000000000008
-95.34,183.63,-4.680000000000007,8.97999999999999
-95.32000000000001,183.65,-4.660000000000011,9.0
-95.29,183.68,-4.63000000000001,9.030000000000001
-95.26,183.70000000000002,-4.6000000000000085,9.050000000000011
-95.23,183.73,-4.570000000000007,9.079999999999984
-95.21000000000001,183.75,-4.550000000000011,9.099999999999994
-95.18,183.78,-4.52000000000001,9.129999999999995
-95.15,183.8,-4.490000000000009,9.150000000000006
-95.12,183.82,-4.460000000000008,9.169999999999987
-95.10000000000001,183.85,-4.440000000000012,9.199999999999989
-95.07000000000001,183.87,-4.410000000000011,9.219999999999999
-95.04,183.9,-4.38000000000001,9.25
-95.01,183.92000000000002,-4.3500000000000085,9.27000000000001
-94.98,183.95000000000002,-4.320000000000007,9.300000000000011
-94.96000000000001,183.97,-4.300000000000011,9.319999999999993
-94.93,184.0,-4.27000000000001,9.349999999999994
-94.9,184.02,-4.240000000000009,9.370000000000005
-94.87,184.04,-4.210000000000008,9.389999999999986
-94.84,184.07,-4.180000000000007,9.419999999999987
-94.82000000000001,184.09,-4.160000000000011,9.439999999999998
-94.79,184.12,-4.13000000000001,9.469999999999999
-94.76,184.14000000000001,-4.1000000000000085,9.490000000000009
-94.73,184.17000000000002,-4.070000000000007,9.52000000000001
-94.7,184.19,-4.040000000000006,9.539999999999992
-94.67,184.22,-4.010000000000005,9.569999999999993
-94.64,184.24,-3.980000000000004,9.590000000000003
-94.62,184.27,-3.960000000000008,9.620000000000005
-94.59,184.29,-3.930000000000007,9.639999999999986
-94.56,184.32,-3.9000000000000057,9.669999999999987
-94.53,184.34,-3.8700000000000045,9.689999999999998
-94.5,184.36,-3.8400000000000034,9.710000000000008
-94.47,184.39000000000001,-3.8100000000000023,9.740000000000009
-94.44,184.41,-3.780000000000001,9.759999999999991
-94.41,184.44,-3.75,9.789999999999992
-94.39,184.46,-3.730000000000004,9.810000000000002
-94.36,184.49,-3.700000000000003,9.840000000000003
-94.33,184.51,-3.6700000000000017,9.859999999999985
-94.3,184.54,-3.6400000000000006,9.889999999999986
-94.27,184.56,-3.6099999999999994,9.909999999999997
-94.24,184.59,-3.5799999999999983,9.939999999999998
-94.21000000000001,184.61,-3.5500000000000114,9.960000000000008
-94.18,184.64000000000001,-3.5200000000000102,9.990000000000009
-94.15,184.66,-3.490000000000009,10.009999999999991
-94.12,184.69,-3.460000000000008,10.039999999999992
-94.09,184.71,-3.430000000000007,10.060000000000002
-94.06,184.74,-3.4000000000000057,10.090000000000003
-94.03,184.76,-3.3700000000000045,10.109999999999985
-94.0,184.78,-3.3400000000000034,10.129999999999995
-93.98,184.81,-3.3200000000000074,10.159999999999997
-93.95,184.83,-3.2900000000000063,10.180000000000007
-93.92,184.86,-3.260000000000005,10.210000000000008
-93.89,184.88,-3.230000000000004,10.22999999999999
-93.86,184.91,-3.200000000000003,10.259999999999991
-93.83,184.93,-3.1700000000000017,10.280000000000001
-93.8,184.96,-3.1400000000000006,10.310000000000002
-93.77,184.98,-3.1099999999999994,10.329999999999984
-93.74,185.0,-3.0799999999999983,10.349999999999994
-93.71000000000001,185.01,-3.0500000000000114,10.359999999999985
-93.68,185.03,-3.0200000000000102,10.379999999999995
-93.65,185.05,-2.990000000000009,10.400000000000006
-93.62,185.07,-2.960000000000008,10.419999999999987
-93.59,185.09,-2.930000000000007,10.439999999999998
-93.56,185.11,-2.9000000000000057,10.460000000000008
-93.53,185.13,-2.8700000000000045,10.47999999999999
-93.5,185.15,-2.8400000000000034,10.5
-93.47,185.17000000000002,-2.8100000000000023,10.52000000000001
-93.44,185.19,-2.780000000000001,10.539999999999992
-93.41,185.21,-2.75,10.560000000000002
-93.38,185.22,-2.719999999999999,10.569999999999993
-93.35000000000001,185.24,-2.690000000000012,10.590000000000003
-93.32000000000001,185.26,-2.660000000000011,10.609999999999985
-93.28,185.28,-2.6200000000000045,10.629999999999995
-93.25,185.3,-2.5900000000000034,10.650000000000006
-93.22,185.32,-2.5600000000000023,10.669999999999987
-93.19,185.34,-2.530000000000001,10.689999999999998
-93.16,185.36,-2.5,10.710000000000008
-93.13,185.38,-2.469999999999999,10.72999999999999
-93.10000000000001,185.4,-2.440000000000012,10.75
-93.07000000000001,185.42000000000002,-2.410000000000011,10.77000000000001
-93.04,185.44,-2.3800000000000097,10.789999999999992
-93.01,185.46,-2.3500000000000085,10.810000000000002
-92.98,185.48,-2.3200000000000074,10.829999999999984
-92.94,185.5,-2.280000000000001,10.849999999999994
-92.91,185.52,-2.25,10.870000000000005
-92.88,185.54,-2.219999999999999,10.889999999999986
-92.85000000000001,185.56,-2.190000000000012,10.909999999999997
-92.82000000000001,185.58,-2.160000000000011,10.930000000000007
-92.79,185.6,-2.1300000000000097,10.949999999999989
-92.76,185.62,-2.1000000000000085,10.969999999999999
-92.72,185.65,-2.0600000000000023,11.0
-92.69,185.67000000000002,-2.030000000000001,11.02000000000001
-92.66,185.69,-2.0,11.039999999999992
-92.63,185.71,-1.9699999999999989,11.060000000000002
-92.60000000000001,185.73,-1.940000000000012,11.079999999999984
-92.57000000000001,185.75,-1.9100000000000108,11.099999999999994
-92.53,185.77,-1.8700000000000045,11.120000000000005
-92.5,185.79,-1.8400000000000034,11.139999999999986
-92.47,185.81,-1.8100000000000023,11.159999999999997
-92.44,185.83,-1.7800000000000011,11.180000000000007
-92.41,185.85,-1.75,11.199999999999989
-92.38,185.87,-1.7199999999999989,11.219999999999999
-92.34,185.89000000000001,-1.6800000000000068,11.240000000000009
-92.31,185.91,-1.6500000000000057,11.259999999999991
-92.28,185.93,-1.6200000000000045,11.280000000000001
-92.25,185.95000000000002,-1.5900000000000034,11.300000000000011
-92.22,185.97,-1.5600000000000023,11.319999999999993
-92.18,185.99,-1.5200000000000102,11.340000000000003
-92.15,186.01,-1.490000000000009,11.359999999999985
-92.12,186.03,-1.460000000000008,11.379999999999995
-92.09,186.05,-1.4300000000000068,11.400000000000006
-92.06,186.07,-1.4000000000000057,11.419999999999987
-92.02,186.09,-1.3599999999999994,11.439999999999998
-91.99,186.11,-1.3299999999999983,11.460000000000008
-91.96000000000001,186.13,-1.3000000000000114,11.47999999999999
-91.93,186.15,-1.2700000000000102,11.5
-91.89,186.18,-1.230000000000004,11.530000000000001
-91.86,186.20000000000002,-1.2000000000000028,11.550000000000011
-91.83,186.22,-1.1700000000000017,11.569999999999993
-91.8,186.24,-1.1400000000000006,11.590000000000003
-91.77,186.26,-1.1099999999999994,11.609999999999985
-91.73,186.28,-1.0700000000000074,11.629999999999995
-91.7,186.3,-1.0400000000000063,11.650000000000006
-91.67,186.32,-1.0100000000000051,11.669999999999987
-91.64,186.34,-0.980000000000004,11.689999999999998
-91.60000000000001,186.36,-0.9400000000000119,11.710000000000008
-91.57000000000001,186.38,-0.9100000000000108,11.72999999999999
-91.54,186.4,-0.8800000000000097,11.75
-91.5,186.42000000000002,-0.8400000000000034,11.77000000000001
-91.47,186.44,-0.8100000000000023,11.789999999999992
-91.44,186.46,-0.7800000000000011,11.810000000000002
-91.41,186.48,-0.75,11.829999999999984
-91.37,186.5,-0.710000000000008,11.849999999999994
-91.34,186.53,-0.6800000000000068,11.879999999999995
-91.31,186.55,-0.6500000000000057,11.900000000000006
-91.27,186.57,-0.6099999999999994,11.919999999999987
-91.24,186.59,-0.5799999999999983,11.939999999999998
-91.21000000000001,186.61,-0.5500000000000114,11.960000000000008
-91.17,186.63,-0.5100000000000051,11.97999999999999
-91.14,186.65,-0.480000000000004,12.0
-91.11,186.67000000000002,-0.45000000000000284,12.02000000000001
-91.07000000000001,186.69,-0.4100000000000108,12.039999999999992
-91.04,186.71,-0.38000000000000966,12.060000000000002
-91.01,186.73,-0.3500000000000085,12.079999999999984
-90.97,186.76,-0.3100000000000023,12.109999999999985
-90.94,186.78,-0.28000000000000114,12.129999999999995
-90.91,186.8,-0.25,12.150000000000006
-90.87,186.82,-0.21000000000000796,12.169999999999987
-90.84,186.84,-0.18000000000000682,12.189999999999998
-90.81,186.86,-0.15000000000000568,12.210000000000008
-90.77,186.88,-0.10999999999999943,12.22999999999999
-90.74,186.9,-0.0799999999999983,12.25
-90.71000000000001,186.92000000000002,-0.05000000000001137,12.27000000000001
-90.67,186.95000000000002,-0.010000000000005116,12.300000000000011
-90.64,186.97,0.01999999999999602,12.319999999999993
-90.61,186.99,0.04999999999999716,12.340000000000003
-90.57000000000001,187.01,0.0899999999999892,12.359999999999985
-90.54,187.03,0.11999999999999034,12.379999999999995
-90.5,187.05,0.1599999999999966,12.400000000000006
-90.47,187.07,0.18999999999999773,12.419999999999987
-90.44,187.09,0.21999999999999886,12.439999999999998
-90.4,187.11,0.2599999999999909,12.460000000000008
-90.37,187.14000000000001,0.28999999999999204,12.490000000000009
-90.33,187.16,0.3299999999999983,12.509999999999991
-90.3,187.18,0.35999999999999943,12.530000000000001
-90.27,187.20000000000002,0.39000000000000057,12.550000000000011
-90.23,187.22,0.4299999999999926,12.569999999999993
-90.2,187.24,0.45999999999999375,12.590000000000003
-90.16,187.26,0.5,12.609999999999985
-90.13,187.28,0.5300000000000011,12.629999999999995
-90.09,187.3,0.5699999999999932,12.650000000000006
-90.06,187.33,0.5999999999999943,12.680000000000007
-90.03,187.35,0.6299999999999955,12.699999999999989
-89.99,187.37,0.6700000000000017,12.719999999999999
-89.96000000000001,187.39000000000001,0.6999999999999886,12.740000000000009
-89.92,187.41,0.7399999999999949,12.759999999999991
-89.89,187.43,0.769999999999996,12.780000000000001
-89.85000000000001,187.45000000000002,0.8099999999999881,12.800000000000011
-89.82000000000001,187.47,0.8399999999999892,12.819999999999993
-89.78,187.5,0.8799999999999955,12.849999999999994
-89.75,187.52,0.9099999999999966,12.870000000000005
-89.72,187.54,0.9399999999999977,12.889999999999986
-89.68,187.56,0.9799999999999898,12.909999999999997
-89.65,187.58,1.009999999999991,12.930000000000007
-89.61,187.6,1.0499999999999972,12.949999999999989
-89.58,187.62,1.0799999999999983,12.969999999999999
-89.54,187.64000000000001,1.1199999999999903,12.990000000000009
-89.51,187.66,1.1499999999999915,13.009999999999991
-89.47,187.68,1.1899999999999977,13.030000000000001
-89.44,187.70000000000002,1.2199999999999989,13.050000000000011
-89.4,187.73,1.259999999999991,13.079999999999984
-89.37,187.75,1.289999999999992,13.099999999999994
-89.33,187.77,1.3299999999999983,13.120000000000005
-89.3,187.79,1.3599999999999994,13.139999999999986
-89.26,187.81,1.3999999999999915,13.159999999999997
-89.23,187.83,1.4299999999999926,13.180000000000007
-89.19,187.85,1.4699999999999989,13.199999999999989
-89.16,187.87,1.5,13.219999999999999
-89.12,187.89000000000001,1.539999999999992,13.240000000000009
-89.09,187.91,1.5699999999999932,13.259999999999991
-89.05,187.93,1.6099999999999994,13.280000000000001
-89.02,187.95000000000002,1.6400000000000006,13.300000000000011
-88.98,187.97,1.6799999999999926,13.319999999999993
-88.95,187.99,1.7099999999999937,13.340000000000003
-88.91,188.01,1.75,13.359999999999985
-88.88,188.03,1.7800000000000011,13.379999999999995
-88.84,188.05,1.8199999999999932,13.400000000000006
-88.81,188.07,1.8499999999999943,13.419999999999987
-88.77,188.09,1.8900000000000006,13.439999999999998
-88.74,188.11,1.9200000000000017,13.460000000000008
-88.7,188.13,1.9599999999999937,13.47999999999999
-88.67,188.16,1.9899999999999949,13.509999999999991
-88.63,188.18,2.030000000000001,13.530000000000001
-88.60000000000001,188.20000000000002,2.059999999999988,13.550000000000011
-88.56,188.22,2.0999999999999943,13.569999999999993
-88.53,188.24,2.1299999999999955,13.590000000000003
-88.49,188.26,2.1700000000000017,13.609999999999985
-88.45,188.27,2.2099999999999937,13.620000000000005
-88.42,188.29,2.239999999999995,13.639999999999986
-88.38,188.31,2.280000000000001,13.659999999999997
-88.35000000000001,188.33,2.309999999999988,13.680000000000007
-88.31,188.35,2.3499999999999943,13.699999999999989
-88.28,188.37,2.3799999999999955,13.719999999999999
-88.24,188.39000000000001,2.4200000000000017,13.740000000000009
-88.21000000000001,188.41,2.4499999999999886,13.759999999999991
-88.17,188.43,2.489999999999995,13.780000000000001
-88.13,188.45000000000002,2.530000000000001,13.800000000000011
-88.10000000000001,188.47,2.559999999999988,13.819999999999993
-88.06,188.49,2.5999999999999943,13.840000000000003
-88.03,188.51,2.6299999999999955,13.859999999999985
-87.99,188.53,2.6700000000000017,13.879999999999995
-87.96000000000001,188.55,2.6999999999999886,13.900000000000006
-87.92,188.57,2.739999999999995,13.919999999999987
-87.88,188.59,2.780000000000001,13.939999999999998
-87.85000000000001,188.61,2.809999999999988,13.960000000000008
-87.81,188.63,2.8499999999999943,13.97999999999999
-87.78,188.65,2.8799999999999955,14.0
